code;flash;date
ABX091498DV/ABX;86;12/05/2016
ABX091498FF/ABX;103;30/03/2016
ABX091498FG/ABX;96;30/03/2016
ABX091498FK/ABX;97;11/05/2016
ABX091498FM/ABX;89;03/06/2016
ABX091498FN/ABX;93;20/05/2016
ABX091498FV/ABX;104;08/06/2016
ABX091498FW/ABX;104;09/06/2016
ABX091498GA/ABX;87;04/08/2016
ABX091498GY/ABX;87;29/09/2016
ABX091498HB/ABX;96;07/10/2016
ABX091498HL/ABX;99;17/10/2016
ABX091498HM/ABX;100;19/10/2016
ABX091498HN/ABX;100;21/10/2016
ABX091498HO/ABX;101;24/10/2016
ABX091498HP/ABX;103;25/10/2016
ABX091498HT/ABX;104;08/11/2016
ABX091498IA/ABX;92;08/01/2017
ABX091498IC/ABX;69;24/01/2017
ABX091498IE/ABX;70;23/01/2017
ABX091498IF/ABX;77;10/02/2017
ABX091498IG/ABX;80;16/02/2017
ABX091498IH/ABX;80;17/02/2017
ABX091498IV/ABX;89;13/04/2017
ABX091498JA/ABX;95;09/05/2017
ABX091498JN/ABX;93;31/05/2017
ABX104402AN/ABX;66;25/01/2017
ABX104402AO/ABX;71;26/01/2017
ABX104402AP/ABX;76;21/02/2017
ABX104402T/ABX;83;07/07/2016
ABX104602U/ABX;77;10/10/2017
ABX104620D/ABX;62;05/10/2017
ABX104650AD/ABX;56;21/03/2017
ABX104650AE/ABX;60;21/03/2017
ABX104650AF/ABX;60;23/03/2017
ABX109762Y/ABX;103;08/07/2016
ABX110043C/ABX;85;19/08/2016
ABX110090L/ABX;86;21/02/2017
ABX110127BQ/NLE;106;29/06/2017
ABX110586I/ABX;92;24/04/2017
ABX110708U/ABX;86;06/02/2017
ABX110718I/ABX;101;10/10/2017
ABX111677BJ/ABX;97;30/03/2016
ABX111677BL/ABX;91;12/05/2016
ABX111677BN/ABX;97;11/05/2016
ABX111677BO/ABX;93;07/06/2016
ABX111677BP/ABX;101;09/06/2016
ABX111677BQ/ABX;101;17/10/2016
ABX111677BR/ABX;101;19/10/2016
ABX111677BS/ABX;100;21/10/2016
ABX111677BT/ABX;100;24/10/2016
ABX111677BU/ABX;107;26/10/2016
ABX111677CF/ABX;92;05/05/2017
ABX111677CS/ABX;95;31/05/2017
ABX157374DS/DGI;78;31/01/2017
ABX157374DW/DGI;76;11/04/2017
ABX157459AN/NLE;85;05/09/2017
ABX162375AW/ABX;95;30/03/2016
ABX162375AY/ABX;86;12/05/2016
ABX162375BI/ABX;90;17/10/2016
ABX162375BJ/ABX;88;21/10/2016
ABX162375BK/ABX;96;24/10/2016
ABX162375BU/ABX;85;17/05/2017
ABX162375CB/ABX;84;29/06/2017
ABX162375CC/ABX;98;29/06/2017
ABX162375CG/ABX;96;29/06/2017
ABX162375CR/ABX;90;20/07/2017
ABX163129AV/ABX;100;06/06/2017
ABX163227B/ABX;73;24/01/2017
ABX163227BA/ABX;74;02/05/2016
ABX163227BB/ABX;75;03/05/2016
ABX163227BK/ABX;86;23/01/2017
ABX163227BL/ABX;77;10/02/2017
ABX163227BM/ABX;77;14/02/2017
ABX163227BN/ABX;68;17/02/2017
ABX163227BP/ABX;72;20/02/2017
ABX163227CD/ABX;79;05/09/2017
ABX163229AA/ABX;84;28/07/2016
ABX163229AB/ABX;84;01/08/2016
ABX163229AC/ABX;86;17/11/2016
ABX163229AJ/ABX;86;28/11/2016
ABX163229AK/ABX;80;28/11/2016
ABX163229AO/ABX;85;08/12/2016
ABX163229AR/ABX;84;13/04/2017
ABX163229AT/ABX;84;08/12/2016
ABX163229AV/ABX;86;08/12/2016
ABX163229AW/ABX;86;08/12/2016
ABX163229BM/ABX;85;31/05/2017
ABX163229Y/ABX;85;28/07/2016
ABX163229Z/ABX;84;28/07/2016
ABX163230BX/ABX;75;23/01/2017
ABX163230CB/ABX;87;06/02/2017
ABX163230CE/ABX;80;17/02/2017
ABX163230CG/ABX;79;20/02/2017
ABX163230CI/ABX;80;21/02/2017
ABX163230CK/ABX;89;21/02/2017
ABX163230CL/ABX;91;21/02/2017
ABX163230CN/ABX;90;22/02/2017
ABX163230CO/ABX;99;31/03/2017
ABX163230CP/ABX;90;28/03/2017
ABX163230CU/ABX;88;01/06/2017
ABX163262AJ/ABX;72;16/02/2017
ABX163262AK/ABX;72;22/02/2017
ABX163262AL/ABX;73;22/02/2017
ABX163262AQ/ABX;70;08/03/2017
ABX163286BT/ABX;74;19/01/2017
ABX163286BX/ABX;73;23/01/2017
ABX163288CY/ABX;71;19/01/2017
ABX163288DC/ABX;71;23/01/2017
ABX163463J/ABX;80;28/09/2016
ABX163533AB/ABX;81;13/04/2017
ABX163533AK/ABX;77;31/03/2017
ABX163533BE/ABX;75;26/07/2017
ABX163533CA/ABX;76;02/08/2016
ABX163533CD/ABX;77;01/08/2016
ABX163533CE/ABX;82;27/07/2016
ABX163533CF/ABX;82;28/07/2016
ABX163533CG/ABX;85;01/08/2016
ABX163533CJ/ABX;78;31/08/2016
ABX163533CN/ABX;80;10/02/2017
ABX163533CO/ABX;80;14/02/2017
ABX163533CP/ABX;76;17/02/2017
ABX163533CQ/ABX;76;20/02/2017
ABX163533CZ/ABX;77;01/03/2017
ABX163533DB/ABX;81;04/07/2017
ABX164131BO/ABX;88;07/04/2016
ABX164131CC/ABX;85;01/08/2016
ABX164131CU/ABX;80;10/03/2017
ABX164131CV/ABX;78;15/03/2017
ABX164131DG/ABX;70;20/03/2017
ABX164131DI/ABX;70;28/03/2017
ABX164131DK/ABX;72;28/03/2017
ABX164131DL/ABX;72;28/03/2017
ABX164131DM/ABX;73;28/03/2017
ABX164131DN/ABX;73;28/03/2017
ABX164131DO/ABX;73;28/03/2017
ABX164131DP/ABX;73;28/03/2017
ABX164131DQ/ABX;71;28/03/2017
ABX164131DS/ABX;73;28/03/2017
ABX164131DT/ABX;72;28/03/2017
ABX164131DU/ABX;73;28/03/2017
ABX164131ED/ABX;86;07/07/2017
ABX164422G/IMP;99;20/04/2016
ABX164829BS/ABX;78;10/02/2017
ABX164829BU/ABX;95;19/04/2016
ABX164829BY/ABX;89;12/05/2016
ABX164829BZ/ABX;80;27/06/2016
ABX164829CA/ABX;80;30/06/2016
ABX164829CC/ABX;80;30/06/2016
ABX164829CH/ABX;79;16/11/2016
ABX164829CJ/ABX;78;14/02/2017
ABX164829CK/ABX;88;12/04/2017
ABX164829CL/ABX;93;20/04/2017
ABX164829CM/ABX;92;04/05/2017
ABX164829CO/ABX;90;21/07/2017
ABX164829CT/ABX;82;05/09/2017
ABX164829CZ/ABX;78;10/10/2017
ABX164877AM/ABX;70;24/01/2017
ABX164877AO/ABX;69;23/01/2017
ABX164877AQ/ABX;69;02/02/2017
ABX164877AS/ABX;92;16/02/2017
ABX164877AT/ABX;92;17/02/2017
ABX164877AV/ABX;88;03/03/2017
ABX164877AW/ABX;88;08/03/2017
ABX164877AX/ABX;87;09/03/2017
ABX164877BA/ABX;94;05/09/2017
ABX165271AB/ABX;66;07/06/2017
ABX165271AC/ABX;77;06/06/2017
ABX165271AE/ABX;79;21/07/2017
ABX165271AF/ABX;79;01/08/2017
ABX165271AI/ABX;76;05/09/2017
ABX165271AM/ABX;72;22/09/2017
ABX165271AS/ABX;74;10/10/2017
ABX170741AE/ABX;104;05/05/2017
ABX176329E/ANA;98;24/03/2016
ABX176329F/ANA;88;24/03/2016
ABX176329G/ANA;120;24/03/2016
ABX176329H/ANA;87;24/03/2016
ABX176824G/JSA;108;29/06/2017
ABX176824M/JSA;110;06/10/2017
ABX1799121D/ABX;86;05/09/2017
ABX179973AU/ABX;85;03/10/2016
ABX179973AX/ABX;85;12/10/2016
ABX179973BM/ABX;83;28/03/2017
ABX179973BN/ABX;84;30/03/2017
ABX179973BU/ABX;92;01/06/2017
ABX179973CB/ABX;95;21/07/2017
ABX179973CI/ABX;88;10/10/2017
ABX179973CP/ABX;89;20/10/2017
ABX179973X/ABX;90;11/10/2016
ABX180493AH/ABX;87;05/10/2016
ABX180493AJ/ABX;88;08/11/2016
ABX180493Z/ABX;86;20/04/2016
ABX180944Q/ABX;122;27/06/2016
ABX181256K/ABX;63;02/06/2016
ABX181256L/ABX;78;03/05/2017
ABX181256M/ABX;70;03/05/2017
ABX181287AJ/ABX;92;19/04/2016
ABX181287AN/ABX;79;29/07/2016
ABX181287AP/ABX;82;02/08/2016
ABX181287AQ/ABX;80;04/08/2016
ABX181287AR/ABX;81;04/08/2016
ABX181287AS/ABX;77;10/03/2017
ABX181287AT/ABX;76;10/03/2017
ABX181287BI/ABX;97;30/08/2017
ABX181287BJ/ABX;95;21/09/2017
ABX181750L/ABX;109;04/11/2016
ABX182532AA/ABX;84;29/07/2016
ABX182532AB/ABX;87;02/08/2016
ABX182532AC/ABX;86;04/08/2016
ABX182532AD/ABX;86;04/08/2016
ABX182532AR/ABX;96;05/12/2016
ABX182532AS/ABX;97;05/12/2016
ABX182532BB/ABX;83;31/03/2017
ABX182534B/ABX;111;26/07/2017
ABX182534M/ABX;106;12/05/2016
ABX182534O/ABX;107;28/09/2016
ABX182534P/ABX;110;05/10/2016
ABX182568AY/GJO;82;28/11/2016
ABX182568BF/GJO;82;08/12/2016
ABX182568BK/GJO;82;08/12/2016
ABX182620AA/ABX;104;06/02/2017
ABX182620AE/ABX;100;17/05/2017
ABX182620AI/ABX;98;31/05/2017
ABX182620AJ/ABX;102;20/07/2017
ABX182620AO/ABX;99;31/08/2017
ABX182891AA/ABX;109;13/06/2016
ABX182891AB/ABX;117;05/10/2016
ABX182891AC/ABX;115;09/11/2016
ABX182891AE/ABX;112;01/06/2017
ABX182891Y/ABX;113;15/04/2016
ABX182891Z/ABX;117;20/04/2016
ABX183091K/ABX;84;29/07/2016
ABX183091L/ABX;84;02/08/2016
ABX183091N/ABX;75;04/08/2016
ABX183091O/ABX;73;05/08/2016
ABX183103C/ABX;79;07/06/2016
ABX183103D/ABX;77;09/06/2016
ABX183103J/ABX;80;01/09/2016
ABX183326AB/ABX;71;23/01/2017
ABX183326AC/ABX;83;16/02/2017
ABX183326AD/ABX;85;17/02/2017
ABX183326AH/ABX;88;05/09/2017
ABX183326AI/ABX;89;05/09/2017
ABX183326Z/ABX;71;19/01/2017
ABX183327M/ABX;86;27/07/2016
ABX183327W/ABX;74;10/10/2017
ABX201008J/ABX;83;10/02/2017
ABX201008K/ABX;83;14/02/2017
ABX201008O/ABX;78;03/03/2017
ABX217919GB/NLE;71;26/09/2017
ABX226336AN/DGI;62;07/07/2016
ABX226441C/ABX;75;06/06/2016
ABX226441N/JSA;76;17/02/2017
ABX226441P/JSA;74;21/02/2017
ABX226441Q/JSA;86;21/02/2017
ABX226441R/JSA;92;21/02/2017
ABX226441S/JSA;83;22/02/2017
ABX230659C/JSA;74;31/01/2017
ABX230732BR/BPM;124;06/06/2016
ABX230732BS/BPM;129;28/09/2016
ABX230732BV/BPM;106;11/10/2016
ABX230732BW/BPM;107;09/11/2016
ABX230782B/BPM;109;24/01/2017
ABX230782C/BPM;121;09/06/2016
ABX230782F/BPM;108;24/01/2017
ABX231326I/ABX;89;01/08/2016
ABX231326J/ABX;91;02/08/2016
ABX231326K/ABX;88;04/08/2016
ABX231346AH/ABX;55;24/04/2017
ABX231408E/ABX;99;07/07/2016
ABX231410/ABX;63;24/01/2017
ABX231490G/ABX;62;14/09/2017
ABX231490J/ABX;63;14/09/2017
ABX231507A/ABX;50;19/08/2016
ABX231507A/ABX;50;21/04/2017
ABX231517Q/ABX;86;01/08/2016
ABX231517R/ABX;86;02/08/2016
ABX231517S/ABX;85;04/08/2016
ABX231608A/ABX;106;21/08/2017
ABX231676AL/ABX;65;10/06/2016
ABX231733L/ABX;101;07/09/2017
ABX231810E/ABX;97;15/06/2016
ABX231812A/ABX;63;24/01/2017
ABX232077B/ABX;87;13/04/2017
ABX232077Q/ABX;80;06/06/2016
ABX232155F/ABX;94;09/06/2016
ABX232155G/ABX;94;14/06/2016
ABX232155I/ABX;98;05/10/2016
ABX232155L/ABX;94;01/06/2017
ABX232160B/ABX;57;14/10/2016
ABX232162F/ABX;76;07/04/2016
ABX232300G/ABX;91;25/08/2017
ABX232314B/ABX;106;02/11/2017
ABX232334A/ABX;74;31/01/2017
ABX232334F/ABX;78;05/10/2017
ABX232429F/ABX;119;13/06/2016
ABX232429H/ABX;113;14/06/2016
ABX232429I/ABX;113;15/06/2016
ABX232429J/ABX;119;27/06/2016
ABX232429K/ABX;118;30/06/2016
ABX232429L/ABX;118;30/06/2016
ABX232429M/ABX;101;28/09/2016
ABX232429N/ABX;115;16/11/2016
ABX232481A/ABX;89;07/09/2017
ABX232579AA/MGU;107;13/06/2016
ABX232579AC/ABX;81;02/08/2016
ABX232579AE/ABX;84;03/08/2016
ABX232579AF/ABX;83;31/08/2016
ABX232579AH/MGU;108;09/11/2016
ABX232736A/ABX;87;26/01/2017
ABX232888I/ABX;95;07/09/2017
ABX232888J/ABX;115;25/08/2017
ABX232888L/ABX;92;12/05/2016
ABX232978E/ABX;107;18/08/2017
ABX232978F/ABX;108;22/08/2017
ABX232978G/ABX;101;01/09/2017
ABX233147O/ABX;80;03/05/2017
ABX233148S/ABX;82;03/05/2017
ABX233148T/ABX;81;03/05/2017
ABX233222D/ABX;99;18/04/2016
ABX233222E/ABX;103;20/04/2016
ABX233222F/ABX;103;02/05/2016
ABX233222G/ABX;110;03/05/2016
ABX233222H/ABX;107;12/10/2016
ABX233225F/ABX;99;30/03/2016
ABX233274F/ABX;88;29/06/2017
ABX233342B/ABX;52;14/10/2016
ABX233541C/DGI;93;21/06/2017
ABX233541D/ABX;96;21/08/2017
ABX233770AZ/IMP;85;08/12/2016
ABX233770BO/IMP;87;08/12/2016
ABX234172E/ABX;83;06/06/2017
ABX234237AM/ABX;85;19/07/2017
ABX234237M/ABX;88;11/05/2016
ABX234237N/ABX;92;25/08/2016
ABX234237P/ABX;89;28/02/2017
ABX234610D/ABX;51;20/03/2017
ABX234610E/ABX;54;21/03/2017
ABX234610F/ABX;60;21/03/2017
ABX234823C/ABX;79;21/02/2017
ABX234823D/ABX;80;17/08/2017
ABX234965C/ABX;98;18/04/2016
ABX234965E/ABX;101;20/04/2016
ABX234965F/ABX;99;02/05/2016
ABX234965G/ABX;89;03/05/2016
ABX234965H/ABX;81;06/06/2016
ABX234965I/ABX;89;27/06/2016
ABX235065R/IMP;96;19/08/2016
ABX235094L/ABX;58;06/06/2016
ABX235095J/ABX;106;06/06/2016
ABX235095N/ABX;107;02/08/2016
ABX235095R/ABX;105;22/02/2017
ABX235095T/ABX;106;17/03/2017
ABX235095W/ABX;111;06/06/2017
ABX235200R/ABX;85;12/05/2016
ABX235201S/ABX;90;14/10/2016
ABX235201T/ABX;91;17/10/2016
ABX235201U/ABX;95;19/10/2016
ABX235201V/ABX;94;21/10/2016
ABX235201W/ABX;94;24/10/2016
ABX235201X/ABX;96;25/10/2016
ABX235201Y/ABX;96;26/10/2016
ABX235201Z/ABX;98;26/10/2016
ABX235238AE/ABX;86;18/08/2017
ABX235238Q/ABX;81;02/08/2016
ABX235238R/ABX;79;01/08/2016
ABX235238T/ABX;79;31/08/2016
ABX235238W/ABX;79;05/01/2017
ABX235238Z/ABX;79;05/01/2017
ABX235338E/ABX;84;12/05/2016
ABX235480I/ABX;69;10/03/2017
ABX235537C/ABX;92;04/07/2016
ABX235603A/ABX;106;27/06/2016
ABX245417R/SCL;82;28/11/2016
ABX245417T/SCL;84;08/12/2016
ABX245417Y/SCL;83;08/12/2016
ABX266715J/ABX;91;10/06/2016
ABX266715L/ABX;103;20/04/2017
ABX266715M/ABX;108;29/06/2017
ABX266715N/ABX;52;29/06/2017
ABX266715O/ABX;116;03/07/2017
ABX266715P/ABX;116;04/07/2017
ABX266715R/ABX;123;06/07/2017
ABX266715S/ABX;124;17/07/2017
ABX292816I/ABX;97;29/06/2017
ABX292816J/ABX;98;18/07/2017
ABX293541E/ABX;85;09/09/2016
ABX293541F/ABX;85;09/09/2016
ABX293541L/ABX;80;06/06/2017
ABX293655B/ABX;118;03/07/2017
ABX293655C/ABX;106;05/07/2017
ABX293739/ABX;117;13/06/2016
ABX293739B/ABX;118;15/06/2016
ABX293741A/ABX;107;14/06/2016
ABX293741B/ABX;106;17/06/2016
ABX293741D/ABX;123;01/06/2017
ABX293741E/ABX;107;21/07/2017
ABX293945B/ABX;78;08/07/2016
ABX296789/ABX;110;03/10/2016
ABX296789A/ABX;111;12/10/2016
ABX297019/ABX;89;11/10/2016
ABX297024F/ABX;71;26/10/2016
ABX302160AE/IMP;65;07/02/2017
ABX302160AG/IMP;61;08/02/2017
ABX302160AH/IMP;62;08/02/2017
ABX302160F/IMP;68;17/01/2017
ABX302160S/IMP;64;25/01/2017
ABX302160T/IMP;60;25/01/2017
ABX302160Z/IMP;61;31/01/2017
ABX302162/ABX;70;22/12/2016
ABX302162A/ABX;75;23/12/2016
ABX302162AB/ABX;63;08/02/2017
ABX302162AC/ABX;65;08/02/2017
ABX302162AD/ABX;74;08/02/2017
ABX302162AE/ABX;69;08/02/2017
ABX302162AF/ABX;67;08/02/2017
ABX302162AG/ABX;67;08/02/2017
ABX302162AH/ABX;69;10/02/2017
ABX302162B/ABX;70;04/01/2017
ABX302162E/ABX;64;07/02/2017
ABX302162F/ABX;41;17/01/2017
ABX302162G/ABX;55;17/01/2017
ABX302162H/ABX;57;18/01/2017
ABX302162I/ABX;71;25/01/2017
ABX302162J/ABX;77;25/01/2017
ABX302162K/ABX;69;25/01/2017
ABX302162M/ABX;67;01/02/2017
ABX302162P/ABX;65;01/02/2017
ABX302162W/ABX;73;07/02/2017
ABX302162X/ABX;67;07/02/2017
ABX302162Y/ABX;68;07/02/2017
ABX302162Z/ABX;68;07/02/2017
ABX302430/ABX;107;04/01/2017
ABX302432/ABX;95;04/01/2017
ABX303139D/ABX;50;28/02/2017
ABX303141A/ABX;74;10/03/2017
ABX303172E/ABX;93;28/02/2017
ABX303635D/ABX;86;28/03/2017
ABX303635E/ABX;84;21/06/2017
ABX303635G/ABX;85;21/07/2017
ABX303635H/ABX;87;01/08/2017
ABX304026B/IMP;83;09/03/2017
ABX304027/ABX;78;03/03/2017
ABX304027A/ABX;77;03/03/2017
ABX304027B/ABX;76;09/03/2017
ABX304035/ABX;85;03/03/2017
ABX304035A/ABX;81;09/03/2017
ABX304231BE/FJJ;72;05/04/2017
ABX304418/ABX;85;31/03/2017
ABX304418A/ABX;85;21/04/2017
ABX304418B/ABX;86;04/07/2017
ABX304789A/ABX;76;06/04/2017
ABX305686C/ABX;83;28/06/2017
ABX305793G/ABX;90;04/08/2017
ABX307077A/ABX;92;03/08/2017
ABX307104T/ABX;94;30/08/2017
ABX307266A/ABX;85;25/08/2017
ADY113089F/ADY;82;24/04/2017
AJO215505AJ/AJO;84;31/08/2017
ANA105301K/ANA;85;09/09/2016
ANA307591J/ANA;81;22/09/2017
ANL034280AX/ANL;83;13/07/2016
ANL089969A/ANL;84;31/08/2017
ANL090796C/ANL;106;23/03/2017
ANL108956AR/ANL;99;31/08/2017
ANL161601/ANL;109;26/07/2017
ANL162816AG/ANL;96;02/08/2017
ANL162816Q/ANL;99;26/07/2017
ANL163544Q/ANL;84;13/07/2016
ANL163599AM/ANL;112;13/07/2016
ANL165364AY/ANL;113;21/11/2016
ANL165366BS/ANL;110;30/03/2017
ANL177948S/ANL;100;13/07/2016
ANL182100BD/ANL;113;01/04/2016
ANL182658A/ANL;107;26/07/2017
ANL227671G/ANL;98;26/07/2017
ANL228459Y/ANL;115;30/03/2017
ANL228743DM/ANL;117;26/09/2016
ANL228789R/ANL;89;15/07/2016
ANL228954AA/ANL;84;15/07/2016
ANL229031NK/ANL;76;10/10/2017
ANL229881G/ANL;88;13/07/2016
ANL230410AF/ANL;83;25/08/2017
ANL230449O/ANL;103;15/07/2016
ANL230509BM/ANL;116;26/09/2016
ANL230849L/ANL;103;28/04/2017
ANL230849R/ANL;114;02/06/2017
ANL230866B/ANL;115;15/07/2016
ANL231912H/ANL;66;13/07/2016
ANL231913/ANL;109;13/07/2016
ANL231914H/ANL;108;13/07/2016
ANL231915/ANL;94;13/07/2016
ANL232281AP/ANL;87;29/08/2017
ANL232281AQ/ANL;88;29/08/2017
ANL232281V/ANL;89;26/07/2017
ANL232603/ANL;109;13/07/2016
ANL232734C/ANL;109;30/03/2017
ANL232844A/ANL;90;13/07/2016
ANL235198W/MBA;76;26/07/2017
ANL235198Y/MBA;73;28/08/2017
ANL235199C/ANL;75;26/07/2017
ANL235248AG/ANL;82;29/08/2017
ANL235248AH/ANL;82;29/08/2017
ANL235248J/ANL;90;26/07/2017
ANL235551A/ANL;107;23/01/2017
ANL296984AE/ANL;106;12/06/2017
ANL302549B/ANL;105;30/03/2017
ATA266751E/ATA;92;06/10/2017
ATA301031D/ATA;106;05/10/2017
BIL021912DQ/DGI;101;17/03/2017
BIL030537GZ/DGI;97;21/11/2016
BIL036004AM/BIL;61;07/10/2016
BIL036007U/BIL;84;04/05/2016
BIL036719AT/BIL;81;04/08/2016
BIL036719BH/BIL;86;01/12/2016
BIL036719BJ/BIL;86;01/12/2016
BIL088085BQ/BIL;92;10/08/2017
BIL088185AI/BIL;94;11/07/2016
BIL088185AK/BIL;89;11/07/2016
BIL088185AL/BIL;91;25/07/2016
BIL088185AP/FJJ;71;31/08/2017
BIL088273AC/BIL;93;29/06/2017
BIL089414L/BIL;69;23/05/2016
BIL089418BB/BIL;100;13/12/2016
BIL089418DV/BIL;88;29/09/2016
BIL089418EA/BIL;80;11/05/2016
BIL089418ED/BIL;78;23/05/2016
BIL089418EO/BIL;76;16/09/2016
BIL089418GQ/BIL;81;22/06/2017
BIL089764K/BIL;97;07/02/2017
BIL090372BJ/BIL;97;20/03/2017
BIL090442M/BIL;76;13/06/2017
BIL090442Z/BIL;65;13/06/2017
BIL090603Y/BIL;62;04/08/2016
BIL090830FD/BIL;66;10/06/2016
BIL090830FE/BIL;66;10/06/2016
BIL090830GN/BIL;62;17/03/2017
BIL090830GR/BIL;64;21/02/2017
BIL090925E/BIL;113;25/08/2017
BIL091480BL/BIL;92;01/12/2016
BIL091480BN/BIL;90;01/12/2016
BIL091580K/BIL;73;08/09/2016
BIL091580L/BIL;72;08/09/2016
BIL091788CV/BIL;95;18/01/2017
BIL091919BL/BIL;81;12/06/2017
BIL091919BZ/BIL;74;29/09/2016
BIL091919CC/BIL;72;05/10/2016
BIL092194GI/DGI;100;17/03/2017
BIL092253D/BIL;50;08/07/2016
BIL102493BN/BIL;112;13/10/2016
BIL111736BC/BIL;85;15/11/2016
BIL161836AC/BIL;86;25/08/2017
BIL161836X/BIL;92;10/06/2016
BIL162150G/BIL;70;21/11/2016
BIL177216K/SKO;105;24/01/2017
BIL181159DD/BIL;78;19/01/2017
BIL181416B/BIL;50;08/07/2016
BIL181416E/BIL;52;10/05/2017
BIL181770AV/BIL;105;23/05/2016
BIL182022X/BIL;82;23/05/2016
BIL182022Z/BIL;78;23/05/2016
BIL182210AR/BIL;69;10/06/2016
BIL182210AT/BIL;69;01/07/2016
BIL182210AW/BIL;70;30/06/2016
BIL182619AW/BIL;99;10/06/2016
BIL182894F/BIL;109;15/06/2016
BIL183213O/BIL;124;10/06/2016
BIL224376T/BPM;69;17/08/2016
BIL228563F/BIL;99;08/07/2016
BIL228832A/BIL;69;09/02/2017
BIL228832B/BIL;77;01/12/2016
BIL228832D/BIL;73;01/12/2016
BIL228832L/BIL;54;02/06/2017
BIL228990G/BIL;85;24/04/2017
BIL231138D/BIL;88;09/02/2017
BIL231181E/DGI;81;31/01/2017
BIL232538V/BIL;105;04/08/2016
BIL232748W/BIL;94;11/04/2017
BIL233152X/BIL;101;21/11/2016
BIL233152Z/BIL;98;16/11/2016
BIL233363AA/BIL;89;25/08/2017
BIL233363N/BIL;92;25/08/2017
BIL233363W/PCH;78;29/09/2016
BIL233373DD/BIL;79;31/01/2017
BIL233373DH/BIL;76;01/03/2017
BIL233373EA/BIL;97;29/06/2017
BIL233482B/BIL;96;08/07/2016
BIL233594H/BIL;80;09/10/2017
BIL233594Q/BIL;81;16/06/2017
BIL233705U/BIL;90;19/01/2017
BIL233707AY/BIL;100;04/05/2016
BIL233780AB/BIL;88;21/04/2017
BIL233780V/BIL;45;07/06/2017
BIL233780W/BIL;50;24/04/2017
BIL233780Z/BIL;53;28/04/2017
BIL233900F/BIL;88;07/10/2016
BIL233916AG/BIL;100;15/03/2017
BIL234017A/BIL;75;31/08/2017
BIL234410B/RFF;90;09/05/2016
BIL234595R/BIL;98;31/03/2016
BIL234595S/BIL;95;01/04/2016
BIL234740B/BIL;120;10/05/2017
BIL234899AC/BIL;79;07/02/2017
BIL234899AF/BIL;84;19/01/2017
BIL234899AG/BIL;82;31/01/2017
BIL234899AJ/BIL;79;01/03/2017
BIL234899AL/BIL;77;01/03/2017
BIL234927J/BIL;88;07/02/2017
BIL234969F/BIL;82;12/05/2016
BIL235001H/BIL;98;14/12/2016
BIL235177J/BIL;106;09/02/2017
BIL235180J/BIL;112;31/03/2016
BIL235180M/BIL;100;10/06/2016
BIL235298/SLT;85;03/08/2016
BIL235340AU/BIL;60;08/08/2016
BIL235340AX/BIL;106;13/10/2016
BIL235340AZ/BIL;104;14/11/2016
BIL235340BA/BIL;105;14/11/2016
BIL235340BH/BIL;104;11/01/2017
BIL235340BJ/BIL;106;12/01/2017
BIL235392I/BIL;88;12/06/2017
BIL235638B/BIL;100;01/12/2016
BIL235638C/BIL;99;01/12/2016
BIL235639F/BIL;118;13/10/2016
BIL235647B/BIL;57;24/04/2017
BIL235666E/BIL;71;16/09/2016
BIL235666G/BIL;71;16/09/2016
BIL235666M/BIL;74;05/10/2016
BIL235666M/BIL;72;26/10/2016
BIL235757F/BIL;106;09/02/2017
BIL235757G/BIL;106;10/06/2016
BIL235757J/BIL;91;21/02/2017
BIL235880C/BIL;105;13/10/2016
BIL235880J/BIL;86;25/08/2017
BIL235929F/BIL;77;21/03/2017
BIL235988C/BIL;74;02/06/2016
BIL235988E/BIL;75;02/06/2016
BIL235988F/BIL;71;02/06/2016
BIL237216D/BIL;68;05/07/2016
BIL245263B/BIL;80;24/03/2016
BIL245263C/BIL;79;24/03/2016
BIL245268/BIL;93;07/10/2016
BIL245348P/BIL;111;13/10/2016
BIL245405C/BIL;93;07/10/2016
BIL245434B/BIL;94;31/03/2016
BIL245434D/BIL;97;23/01/2017
BIL245582F/BIL;66;07/10/2016
BIL245582H/BIL;65;25/07/2016
BIL245582K/BIL;64;25/07/2016
BIL245627A/BIL;106;07/06/2017
BIL252286L/BIL;97;10/06/2016
BIL252286Z/BIL;86;19/01/2017
BIL266720/BIL;97;09/02/2017
BIL266720D/BIL;97;26/05/2017
BIL266779B/BIL;82;29/09/2016
BIL266779C/BIL;74;10/06/2016
BIL267937E/BIL;91;09/02/2017
BIL268001AO/BIL;113;01/06/2017
BIL268001AP/BIL;113;01/06/2017
BIL273841F/BIL;91;07/02/2017
BIL279894R/BIL;74;07/02/2017
BIL286326D/BIL;71;10/06/2016
BIL292852D/BIL;73;10/06/2016
BIL292852E/BIL;72;09/02/2017
BIL292917C/BIL;111;11/07/2016
BIL292917D/BIL;111;11/07/2016
BIL293448E/BIL;71;21/03/2017
BIL293448I/BIL;76;21/03/2017
BIL293827A/BIL;73;05/07/2016
BIL294634C/BIL;105;08/08/2016
BIL294702G/BIL;97;10/03/2017
BIL295038F/BIL;109;13/10/2016
BIL295040I/BIL;107;13/10/2016
BIL295241A/BIL;97;06/07/2017
BIL295730D/BIL;78;07/02/2017
BIL296860B/BIL;101;13/10/2016
BIL297979G/BIL;96;09/11/2016
BIL297979H/BIL;95;09/11/2016
BIL300764A/BIL;89;07/02/2017
BIL302848/BIL;77;20/04/2017
BIL302850/BIL;50;20/04/2017
BIL302878/BIL;59;20/04/2017
BIL302878A/BIL;50;20/04/2017
BIL305473C/BIL;81;02/06/2017
BLE089277/BLE;106;23/08/2016
BLE089277AC/BLE;107;23/08/2016
BLE183048G/BLE;90;23/08/2016
BPM021911J/BPM;100;14/09/2016
BPM030774Z/BPM;105;22/05/2017
BPM035667M/BPM;84;08/07/2016
BPM087190CQ/BPM;99;26/05/2016
BPM089215A/BPM;104;08/07/2016
BPM111805R/BPM;100;26/10/2017
BPM159043M/BPM;97;11/10/2016
BPM162005CZ/BPM;87;10/08/2017
BPM165427/BPM;82;08/07/2016
BPM179181F/BPM;110;20/04/2017
BPM213188AX/BPM;101;14/04/2016
BPM216872AF/BPM;117;29/07/2016
BPM217722AE/BPM;108;13/07/2016
BPM218377W/BPM;52;24/08/2016
BPM218610AB/BPM;70;09/08/2016
BPM218610AT/BPM;92;15/06/2016
BPM220950S/BPM;61;24/04/2017
BPM221872A/BPM;99;14/10/2016
BPM224098BF/BPM;98;11/07/2016
BPM226242I/BPM;94;22/05/2017
BPM226242L/BPM;102;12/06/2017
BPM226528R/BPM;89;26/07/2017
BPM226591C/BPM;114;30/08/2017
BPM229292N/BPM;98;14/04/2016
BPM229306X/BPM;107;30/08/2017
BPM229356B/BPM;114;10/10/2017
BPM230732A/BPM;123;08/07/2016
BPM230732BH/BPM;110;10/05/2017
BPM230900G/BPM;86;21/04/2017
BPM230988A/BPM;No flash;26/10/2017
CBO161060BR/CBO;82;08/03/2017
DGI020426DK/DGI;102;21/08/2017
DGI021912CQ/DGI;101;21/03/2017
DGI030748BP;103;07/09/2017
DGI088075BZ/DGI;79;21/08/2017
DGI088076AH/DGI;72;13/07/2016
DGI089378A/DGI;94;25/05/2016
DGI157374DK/DGI;85;21/08/2017
DGI175977CC/DGI;87;05/10/2017
DGI178060R/DGI;116;22/06/2017
DGI179279G/DGI;67;01/09/2016
DGI180542AD/DGI;59;24/08/2016
DGI202293AS/DGI;113;21/04/2017
DGI218829AN/DGI;85;06/06/2016
DGI222304C/DGI;101;23/08/2017
DGI225657O/DGI;64;15/07/2016
DMO302688C/DMO;94;25/01/2017
DMO302693I/DMO;70;25/01/2017
DMO305538T/GCB;103;19/07/2017
DMO309554/DMO;82;02/11/2017
DPR273581G;113;03/10/2017
EGO017885FS/EGO;80;25/10/2016
EGO181810B/EGO;85;12/05/2016
EGO182188A/EGO;94;18/11/2016
EGO293771C/EGO;72;08/03/2017
FIK012243BW/FIK;81;31/01/2017
FIK020142FH/FIK;117;26/09/2016
FIK034726AP/FIK;67;31/01/2017
FIK149629AG/FIK;120;02/08/2016
FIK149629AH/FIK;140;02/08/2016
FIK149629AI/FIK;121;05/08/2016
FIK149629AJ/FIK;101;26/09/2016
FIK149629AK/FIK;120;13/02/2017
FIK149629AM/FIK;119;31/01/2017
FIK149629AO/FIK;125;22/02/2017
FIK149821O/FIK;91;02/08/2016
FIK149890AE/FIK;98;02/08/2016
FIK149890AG/FIK;99;05/08/2016
FIK149890AH/FIK;94;17/08/2016
FIK149890AK/FIK;94;17/08/2016
FIK149914AU/FIK;132;06/06/2016
FIK149914AV/FIK;117;06/06/2016
FIK150391AD/FIK;97;25/04/2017
FIK150391HK/FIK;94;10/06/2016
FIK150391HO/FIK;95;10/04/2017
FIK150873BS/FIK;60;16/02/2017
FIK150873BU/FIK;59;17/02/2017
FIK150873BV/FIK;61;22/02/2017
FIK151395X/FIK;84;27/01/2017
FIK151395Y/FIK;76;31/01/2017
FIK161934IE/FIK;89;07/10/2016
FIK161934IF/FIK;147;07/10/2016
FIK212123HO/FIK;101;31/01/2017
FIK218283F/FIK;61;26/07/2016
FIK218283O/FIK;67;01/08/2016
FIK218283P/FIK;78;26/09/2016
FIK218283Q/FIK;74;17/10/2016
FIK218283R/FIK;69;17/10/2016
FIK218283U/FIK;81;01/12/2016
FIK218283V/FIK;77;14/12/2016
FIK218472M/FIK;94;26/09/2016
FIK218792L/FIK;85;02/08/2016
FIK219407V/FIK;90;21/11/2016
FIK219838ES/FIK;100;13/06/2016
FIK221714EU/FIK;90;10/06/2016
FIK223580U/FIK;91;02/08/2016
FIK223580V/FIK;90;05/08/2016
FIK223580W/FIK;90;17/08/2016
FIK223580X/FIK;95;26/09/2016
FIK223580Y/FIK;96;03/10/2016
FIK223723BY/FIK;70;10/06/2016
FIK223723BZ/FIK;73;26/07/2016
FIK225772D/FIK;93;27/06/2016
FIK225772L/FIK;92;26/07/2016
FIK225772M/FIK;93;05/08/2016
FIK225772N/FIK;91;17/08/2016
FIK225880AA/FIK;86;31/01/2017
FIK225880AB/FIK;86;31/01/2017
FIK227173X/FIK;137;15/06/2017
FIK227173Y/FIK;139;23/06/2017
FIK228624R/FIK;74;05/08/2016
FIK230589D/FIK;70;17/10/2016
FIK230649C/FIK;93;27/01/2017
FIK230649D/FIK;89;31/01/2017
FIK231302O/FIK;108;26/09/2016
FIK234146A/FIK;80;02/08/2016
FIK234146B/FIK;79;17/08/2016
FIK234146C/FIK;91;26/09/2016
FIK234877AV/MLE;96;18/05/2016
FJ163484HG/JJJ;112;02/06/2017
FJJ020039DV/DGI;99;14/09/2017
FJJ020039DZ/FJJ;99;14/09/2017
FJJ020039EA/FJJ;99;14/09/2017
FJJ020039EB/FJJ;100;14/09/2017
FJJ026345CJ/FJJ;64;19/08/2016
FJJ026345DK/FJJ;70;12/06/2017
FJJ026345EL/FJJ;95;26/04/2016
FJJ029134HI/FJJ;109;26/10/2016
FJJ029134HR/FJJ;98;23/06/2017
FJJ029134IB/FJJ;110;14/09/2017
FJJ029774X/JSA;90;31/05/2017
FJJ029774Z/JSA;89;22/06/2017
FJJ030385CE/FJJ;75;08/11/2016
FJJ030385GC/FJJ;83;02/06/2017
FJJ030385GG/FJJ;96;04/05/2016
FJJ030385ID/FJJ;68;04/01/2017
FJJ030385IM/FJJ;60;31/01/2017
FJJ030385IN/FJJ;60;31/01/2017
FJJ030385IO/FJJ;60;31/01/2017
FJJ030385IP/FJJ;60;31/01/2017
FJJ030385IQ/FJJ;60;31/01/2017
FJJ030385IR/FJJ;57;02/02/2017
FJJ030385IS/FJJ;58;02/02/2017
FJJ030385IT/FJJ;53;02/02/2017
FJJ030385IU/FJJ;52;02/02/2017
FJJ030385IW/FJJ;50;07/02/2017
FJJ030385IX/FJJ;50;07/02/2017
FJJ030385IZ/FJJ;64;08/02/2017
FJJ030385JG/FJJ;98;29/06/2017
FJJ030708BV/FJJ;85;31/01/2017
FJJ030708BX/FJJ;85;01/03/2017
FJJ030731LT/FJJ;83;06/06/2016
FJJ030731LV/FJJ;106;08/07/2016
FJJ030731MN/FJJ;89;07/11/2016
FJJ030731MO/FJJ;89;09/11/2016
FJJ030731MP/FJJ;86;21/11/2016
FJJ030731NT/FJJ;67;09/05/2017
FJJ030731OG/FJJ;82;17/05/2017
FJJ030731OL/FJJ;81;06/06/2017
FJJ030731OO/FJJ;85;31/05/2017
FJJ030731OQ/FJJ;90;23/06/2017
FJJ030731PJ/FJJ;91;25/09/2017
FJJ030827GA/FJJ;76;11/10/2016
FJJ030827GI/FJJ;58;14/10/2016
FJJ030827HB/FJJ;90;25/08/2017
FJJ030827HO/FJJ;66;05/10/2016
FJJ030827HR/FJJ;78;21/11/2016
FJJ030827HU/FJJ;63;20/01/2017
FJJ030829AO/FJJ;104;01/04/2016
FJJ030830DU/FJJ;89;31/07/2017
FJJ031264F/FJJ;80;02/08/2017
FJJ031538AK/FJJ;94;26/10/2016
FJJ031538AL/FJJ;107;26/10/2016
FJJ031538L/FJJ;81;10/08/2017
FJJ034870AU/FJJ;87;29/09/2016
FJJ034870AV/FJJ;82;05/10/2016
FJJ034870BH/FJJ;87;22/06/2017
FJJ034870BP/FJJ;83;04/09/2017
FJJ034870BR/FJJ;83;20/10/2017
FJJ034870BU/FJJ;82;30/10/2017
FJJ034871AK/FJJ;88;04/09/2017
FJJ034871AL/FJJ;86;04/09/2017
FJJ088091BL/FJJ;100;21/06/2017
FJJ088444AU/FJJ;90;04/07/2016
FJJ088444AV/FJJ;106;07/07/2016
FJJ088444AW/FJJ;106;13/07/2016
FJJ088444AZ/FJJ;85;31/01/2017
FJJ088444BB/FJJ;90;10/03/2017
FJJ088444BG/FJJ;75;17/10/2017
FJJ088444Q/FJJ;78;26/10/2016
FJJ088444Q/FJJ;82;18/10/2017
FJJ088547Y/FJJ;97;06/07/2017
FJJ089561AJ/FJJ;98;31/03/2016
FJJ089561AM/FJJ;93;26/04/2016
FJJ089561AP/FJJ;99;23/08/2016
FJJ089561BB/FJJ;89;19/01/2017
FJJ089995DL/FJJ;85;27/06/2017
FJJ091723BI/FJJ;88;12/07/2016
FJJ092194GN/DGI;56;01/06/2017
FJJ092195CJ/FJJ;74;23/05/2016
FJJ104718R/FJJ;63;07/08/2017
FJJ108775BG/FJJ;46;08/01/2017
FJJ108775BJ/FJJ;80;23/10/2017
FJJ109761AF/FJJ;84;23/01/2017
FJJ109761S/FJJ;89;23/08/2016
FJJ110019J/FJJ;97;05/10/2017
FJJ110498P/FJJ;93;05/10/2017
FJJ111043F/FJJ;81;10/10/2017
FJJ111043G/FJJ;79;10/10/2017
FJJ111059AL/FJJ;50;28/04/2017
FJJ111137AE/FJJ;102;20/03/2017
FJJ111971AG/FJJ;82;08/09/2017
FJJ140574AX/FJJ;83;10/08/2017
FJJ142038BC/FJJ;80;21/08/2017
FJJ142038CL/FJJ;107;01/07/2016
FJJ142038CP/FJJ;68;31/01/2017
FJJ142038CQ/FJJ;72;01/03/2017
FJJ142038CR/FJJ;76;01/03/2017
FJJ142038CV/FJJ;107;07/09/2017
FJJ142038G/FJJ;86;24/08/2016
FJJ148897AP/VDA;101;03/11/2017
FJJ148897AQ/VDA;100;03/11/2017
FJJ148897AR/VDA;100;03/11/2017
FJJ161414CB/FJJ;89;21/02/2017
FJJ161896N/FJJ;75;10/10/2017
FJJ161904E/FJJ;121;07/07/2017
FJJ162151AW/FJJ;70;06/06/2016
FJJ162151BK/FJJ;76;02/08/2016
FJJ162151BQ/FJJ;75;01/08/2016
FJJ162151BT/FJJ;64;08/08/2016
FJJ162462AP/SLT;105;06/07/2017
FJJ162504AB/FJJ;92;23/08/2016
FJJ162625DZ/FJJ;87;12/06/2017
FJJ163247BJ/FJJ;67;27/06/2017
FJJ163471D/FJJ;101;20/04/2017
FJJ163472AN/FJJ;66;20/10/2017
FJJ163472AO/FJJ;72;30/10/2017
FJJ163484EE/JJJ;106;30/03/2017
FJJ163484EK/JJJ;101;22/07/2016
FJJ163484EM/JJJ;104;25/07/2016
FJJ163484EN/JJJ;99;26/07/2016
FJJ163484EO/JJJ;94;26/07/2016
FJJ163484EP/FJJ;92;28/07/2016
FJJ163484ES/JJJ;97;22/11/2016
FJJ163484ET/JJJ;100;10/11/2016
FJJ163484EV/JJJ;98;16/11/2016
FJJ163484GA/JJJ;104;07/02/2017
FJJ163484HO/JJJ;109;07/08/2017
FJJ163647CA/FJJ;70;12/07/2016
FJJ163647DP/FJJ;66;10/06/2016
FJJ163647EG/FJJ;68;19/01/2017
FJJ163647EH/FJJ;68;19/01/2017
FJJ163647EI/FJJ;63;01/02/2017
FJJ163647EK/FJJ;62;01/02/2017
FJJ163647EL/FJJ;50;01/02/2017
FJJ163647EM/FJJ;63;02/02/2017
FJJ163647EN/FJJ;62;02/02/2017
FJJ163647EO/FJJ;54;02/02/2017
FJJ163647EP/FJJ;55;02/02/2017
FJJ163647EQ/FJJ;56;07/02/2017
FJJ163647ER/FJJ;51;07/02/2017
FJJ163647ES/FJJ;60;08/02/2017
FJJ163647ET/FJJ;61;09/02/2017
FJJ163647EU/FJJ;65;21/02/2017
FJJ163647FK/FJJ;70;17/05/2017
FJJ163647FP/FJJ;90;29/06/2017
FJJ163647FQ/FJJ;68;04/09/2017
FJJ163647FR/FJJ;82;04/09/2017
FJJ163648R/FJJ;88;30/08/2017
FJJ163648W/FJJ;87;12/07/2016
FJJ163757BR/FJJ;94;01/12/2016
FJJ163757BT/FJJ;93;01/12/2016
FJJ163757CE/FJJ;91;21/03/2017
FJJ163829CS/FJJ;102;31/03/2016
FJJ163965AL/BLE;77;15/11/2016
FJJ163974AJ/FJJ;90;01/06/2017
FJJ164131DW/ABX;79;30/03/2017
FJJ164131DX/ABX;79;30/03/2017
FJJ164797R/FJJ;71;08/09/2017
FJJ165565FH/FJJ;93;04/09/2017
FJJ165565FQ/FJJ;86;24/10/2017
FJJ165565FR/FJJ;86;24/10/2017
FJJ165565FS/FJJ;84;30/10/2017
FJJ165565FT/FJJ;90;02/11/2017
FJJ165565N/FJJ;94;07/10/2016
FJJ179619I/FJJ;50;10/05/2017
FJJ180173Q/FJJ;87;31/08/2017
FJJ181416G/BIL;51;22/08/2017
FJJ182933BS/FJJ;86;10/10/2017
FJJ182933BT/FJJ;84;10/10/2017
FJJ200991F/FJJ;78;01/04/2016
FJJ215505BS/AJO;110;31/08/2017
FJJ215505BT/AJO;108;31/08/2017
FJJ215505BU/AJO;106;31/08/2017
FJJ215505BV/AJO;104;31/08/2017
FJJ215505BW/AJO;112;31/08/2017
FJJ219288E/BPM;98;13/10/2017
FJJ225642BD/FJJ;104;21/06/2017
FJJ225642BW/FJJ;101;06/07/2017
FJJ225818K/FJJ;87;31/07/2017
FJJ226015N/FJJ;77;26/07/2017
FJJ226120DY/FJJ;117;29/07/2016
FJJ226120FA/FJJ;118;15/03/2017
FJJ226460H/FJJ;86;09/11/2016
FJJ226704B/FJJ;102;24/10/2016
FJJ226806J/FJJ;64;14/12/2016
FJJ226962A/FJJ;109;02/08/2016
FJJ227257B/FJJ;90;16/06/2017
FJJ227347AF/FJJ;92;31/03/2016
FJJ227347AH/FJJ;87;30/05/2016
FJJ227530V/FJJ;82;05/05/2017
FJJ227530W/FJJ;86;05/05/2017
FJJ227530X/FJJ;82;05/05/2017
FJJ227530Y/FJJ;85;05/05/2017
FJJ227530Z/FJJ;83;24/10/2017
FJJ227683D/FJJ;83;09/10/2017
FJJ227697F/JSA;92;10/05/2017
FJJ227937AJ/FJJ;93;10/08/2016
FJJ227937AL/FJJ;72;06/06/2016
FJJ227937AM/FJJ;74;17/06/2016
FJJ227937AN/FJJ;75;06/03/2017
FJJ227937AU/FJJ;75;06/03/2017
FJJ227989Q/FJJ;120;21/09/2016
FJJ227989V/FJJ;121;22/09/2016
FJJ227989W/FJJ;127;31/08/2017
FJJ228065F/FJJ;75;27/07/2016
FJJ228302AQ/FJJ;85;23/01/2017
FJJ228302AS/FJJ;69;08/09/2017
FJJ228302Y/FJJ;90;07/06/2017
FJJ228970G/JSA;143;22/08/2017
FJJ229092B/FJJ;92;02/06/2017
FJJ229386I/FJJ;73;25/08/2017
FJJ229519AK/FJJ;85;21/02/2017
FJJ229519AL/FJJ;78;23/03/2017
FJJ229519AU/FJJ;87;01/06/2017
FJJ229519AZ/FJJ;86;03/07/2017
FJJ229519BE/FJJ;86;03/07/2017
FJJ229519BF/FJJ;85;03/07/2017
FJJ229519BJ/FJJ;85;08/09/2017
FJJ229601P/FJJ;82;31/07/2017
FJJ229888X/FJJ;75;07/10/2016
FJJ229888Y/JDM;77;12/10/2017
FJJ229914V/FJJ;117;29/07/2016
FJJ229947/FJJ;75;14/10/2016
FJJ230341AG/FJJ;75;24/03/2016
FJJ230341AH/FJJ;76;24/03/2016
FJJ230392F/FJJ;109;24/08/2016
FJJ230392U/FJJ;111;08/08/2016
FJJ230495A/FJJ;103;06/07/2017
FJJ230538F/FJJ;101;08/07/2016
FJJ230538N/FJJ;101;10/05/2017
FJJ231038K/FJJ;96;10/11/2016
FJJ231038U/FJJ;101;19/01/2017
FJJ231065J/FJJ;50;31/08/2017
FJJ231065K/FJJ;50;02/06/2017
FJJ231227E/FJJ;103;07/07/2017
FJJ231512E/FJJ;100;10/03/2017
FJJ231512F/FJJ;74;21/07/2017
FJJ231512H/FJJ;77;24/07/2017
FJJ231512H/FJJ;75;21/09/2017
FJJ231512I/FJJ;70;24/07/2017
FJJ231512N/FJJ;71;17/10/2017
FJJ231515BB/FJJ;72;22/05/2017
FJJ231515BC/FJJ;87;01/12/2016
FJJ231515BE/FJJ;88;01/12/2016
FJJ231515BQ/FJJ;65;04/09/2017
FJJ231587AE/FJJ;74;24/10/2017
FJJ231587AF/FJJ;75;30/10/2017
FJJ231587AG/FJJ;89;02/11/2017
FJJ231834A/FJJ;53;05/10/2017
FJJ231840D/FJJ;110;31/07/2017
FJJ232129B/FJJ;104;10/08/2017
FJJ232219/FJJ;72;23/08/2017
FJJ232324C/FJJ;97;10/03/2017
FJJ232439I/FJJ;79;08/09/2017
FJJ232541J/FJJ;87;15/03/2017
FJJ232541N/FJJ;90;16/03/2017
FJJ232541W/FJJ;83;08/09/2017
FJJ232786D/EDF;83;15/07/2016
FJJ232946D/FJJ;102;14/12/2016
FJJ232986/FJJ;82;24/08/2016
FJJ233162AZ/FJJ;105;06/07/2017
FJJ233200AW/FJJ;65;27/06/2017
FJJ233200BF/FJJ;68;17/07/2017
FJJ233354MU/ANL;77;30/10/2017
FJJ233410H/FJJ;79;02/11/2017
FJJ233652W/JJJ;74;17/11/2016
FJJ233652Y/JJJ;77;21/11/2016
FJJ233780AL/BIL;32;10/10/2017
FJJ233807C/FJJ;59;08/08/2016
FJJ233873I/FJJ;95;01/07/2016
FJJ233873J/FJJ;97;04/07/2016
FJJ233900Z/BIL;85;20/10/2017
FJJ234483AA/FJJ;54;02/02/2017
FJJ234483AB/FJJ;50;02/02/2017
FJJ234483AC/FJJ;61;07/02/2017
FJJ234483AD/FJJ;54;07/02/2017
FJJ234483AE/FJJ;64;08/02/2017
FJJ234483AG/FJJ;79;31/03/2017
FJJ234483AK/FJJ;72;21/04/2017
FJJ234483U/FJJ;64;02/06/2016
FJJ234483V/FJJ;64;11/07/2016
FJJ234483Y/FJJ;77;02/02/2017
FJJ234483Z/FJJ;76;02/02/2017
FJJ234584A/FJJ;78;12/06/2017
FJJ234586A/FJJ;125;10/05/2017
FJJ234586B/RFF;135;15/05/2017
FJJ234629N/FJJ;83;04/05/2016
FJJ234629Q/FJJ;84;23/05/2016
FJJ234629V/FJJ;75;25/07/2016
FJJ234641AD/FJJ;79;20/10/2017
FJJ234641L/FJJ;71;01/02/2017
FJJ234641M/FJJ;73;01/02/2017
FJJ234641N/FJJ;64;01/02/2017
FJJ234641O/FJJ;54;01/02/2017
FJJ234641P/FJJ;66;07/02/2017
FJJ234641Q/FJJ;63;07/02/2017
FJJ234641R/FJJ;67;08/02/2017
FJJ234641S/FJJ;67;08/02/2017
FJJ234641T/FJJ;65;09/02/2017
FJJ234825P/FJJ;83;16/11/2016
FJJ234828M/BIL;80;04/09/2017
FJJ234874I/FJJ;75;22/06/2017
FJJ235010E/FJJ;91;07/10/2016
FJJ235099M/FJJ;96;02/03/2017
FJJ235176C/FJJ;106;07/06/2016
FJJ235263O/FJJ;83;18/07/2016
FJJ235263P/FJJ;82;18/07/2016
FJJ235263P/FJJ;82;10/10/2017
FJJ235263Q/FJJ;83;09/11/2016
FJJ235263R/FJJ;80;09/11/2016
FJJ235540E/FJJ;86;12/07/2016
FJJ235666AG/BIL;71;30/10/2017
FJJ235721H/FJJ;88;08/09/2017
FJJ245367F/FJJ;60;31/08/2017
FJJ245377A/FJJ;96;07/10/2016
FJJ245725AA/FJJ;68;17/10/2017
FJJ245725AC;83;18/10/2017
FJJ245725AD/FJJ;68;06/11/2017
FJJ245725AE/FJJ;68;06/11/2017
FJJ245725AF/FJJ;81;06/11/2017
FJJ245725AG/FJJ;68;06/11/2017
FJJ245725AH/FJJ;71;07/11/2017
FJJ245725AI/FJJ;69;07/11/2017
FJJ245725AJ/FJJ;84;07/11/2017
FJJ245725AK/FJJ;66;07/11/2017
FJJ245725AL/FJJ;76;08/11/2017
FJJ245725U/FJJ;84;14/09/2017
FJJ245725V/FJJ;84;14/09/2017
FJJ245725W/FJJ;65;16/10/2017
FJJ245725Z/FJJ;73;17/10/2017
FJJ252286AJ/BIL;98;07/07/2017
FJJ273581AG;112;03/10/2017
FJJ273581AM;113;03/10/2017
FJJ273581AN;113;03/10/2017
FJJ273581AU/DPR;113;06/10/2017
FJJ273581AW/DPR;112;06/10/2017
FJJ273581AX/DPR;113;06/10/2017
FJJ273581BC/DPR;112;06/10/2017
FJJ273581BH/DPR;111;06/10/2017
FJJ273581K/DPR;111;01/06/2017
FJJ273581O/DPR;112;03/07/2017
FJJ273581S/DPR;112;03/07/2017
FJJ273581T/DPR;112;03/07/2017
FJJ293594/FJJ;82;10/06/2016
FJJ293594A/FJJ;74;10/06/2016
FJJ294076A/FJJ;56;24/04/2017
FJJ294208A/FJJ;106;01/07/2016
FJJ294208B/FJJ;107;01/06/2016
FJJ294208C/FJJ;107;01/07/2016
FJJ294251/FJJ;106;04/07/2016
FJJ294251A/FJJ;74;31/01/2017
FJJ294251C/FJJ;68;01/03/2017
FJJ294350/FJJ;112;15/07/2016
FJJ294350A/FJJ;112;15/07/2016
FJJ295717AB/FJJ;83;01/06/2017
FJJ295784/FJJ;81;29/09/2016
FJJ295784C/FJJ;73;05/10/2016
FJJ295784I/FJJ;73;24/10/2017
FJJ295786B/FJJ;91;29/09/2016
FJJ300904/FJJ;107;24/10/2016
FJJ300904A/FJJ;106;25/10/2016
FJJ300904B/FJJ;101;25/10/2016
FJJ300904C/FJJ;99;25/10/2016
FJJ300904D/FJJ;101;25/10/2016
FJJ300904G/FJJ;83;17/05/2017
FJJ300923/FJJ;104;24/10/2016
FJJ300923A/FJJ;103;24/10/2016
FJJ300923B/FJJ;99;24/10/2016
FJJ300998/FJJ;99;26/10/2016
FJJ301341/FJJ;90;09/11/2016
FJJ301341A/FJJ;88;09/11/2016
FJJ301341B/FJJ;87;17/11/2016
FJJ301341E/FJJ;82;21/11/2016
FJJ301513/FJJ;90;16/11/2016
FJJ301515/FJJ;101;16/11/2016
FJJ301515A/FJJ;100;18/11/2016
FJJ301557D/FJJ;80;21/11/2016
FJJ301557G/FJJ;85;20/10/2017
FJJ301557I/FJJ;79;30/10/2017
FJJ302711F/FJJ;81;08/09/2017
FJJ303215/FJJ;64;01/02/2017
FJJ303215A/FJJ;64;02/02/2017
FJJ303215B/FJJ;64;02/02/2017
FJJ303215C/FJJ;54;02/02/2017
FJJ303215D/FJJ;50;02/02/2017
FJJ303215E/FJJ;62;07/02/2017
FJJ303215F/FJJ;58;07/02/2017
FJJ303215G/FJJ;55;07/02/2017
FJJ303215H/FJJ;66;08/02/2017
FJJ303215I/FJJ;63;09/02/2017
FJJ303573/FJJ;64;21/02/2017
FJJ303575/FJJ;73;21/02/2017
FJJ304230B/FJJ;88;15/03/2017
FJJ304231/FJJ;86;10/03/2017
FJJ304231A/FJJ;85;10/03/2017
FJJ304231AI/FJJ;82;28/03/2017
FJJ304231AJ/FJJ;81;28/03/2017
FJJ304231AQ/FJJ;81;28/03/2017
FJJ304231AX/FJJ;82;28/03/2017
FJJ304231AY/FJJ;82;28/03/2017
FJJ304231AZ/FJJ;81;28/03/2017
FJJ304231BA/FJJ;80;28/03/2017
FJJ304231S/FJJ;77;20/03/2017
FJJ304231U/FJJ;73;20/03/2017
FJJ304354A/FJJ;98;21/03/2017
FJJ304354C/FJJ;93;21/03/2017
FJJ304465B/FJJ;83;02/06/2017
FJJ305442B/FJJ;81;22/06/2017
FJJ305752/FJJ;77;22/06/2017
FJJ305795B/FJJ;80;04/08/2017
FJJ305797A/FJJ;53;26/07/2017
FJJ305797D/FJJ;53;02/08/2017
FJJ305797E/FJJ;59;07/08/2017
FJJ305829A/FJJ;74;20/10/2017
FJJ305829C/FJJ;72;30/10/2017
FJJ305878A/FJJ;89;22/06/2017
FJJ305983A/FJJ;101;04/08/2017
FJJ306090/FJJ;97;01/06/2017
FJJ306747AB/FJJ;86;19/07/2017
FJJ306766AS/FJJ;85;04/10/2017
FJJ306766AX/FJJ;86;24/10/2017
FJJ306766C/FJJ;87;07/08/2017
FJJ306766R/FJJ;87;30/08/2017
FJJ306984B/FJJ;99;03/08/2017
FJJ307027C/FJJ;82;24/07/2017
FJJ307298B/FJJ;91;07/08/2017
FJJ307328B/FJJ;94;07/08/2017
FJJ307329B/FJJ;98;07/08/2017
FJJ307330B/FJJ;81;07/08/2017
FJJ307378A/FJJ;84;04/08/2017
FJJ307723A/FJJ;101;24/08/2017
FJJ307723B/FJJ;81;24/08/2017
FJJ307723C/FJJ;84;24/08/2017
FJJ307850F/FJJ;84;30/08/2017
FJJ307850G/FJJ;85;30/08/2017
FJJ307850K/FJJ;84;21/09/2017
FJJ307951/FJJ;92;14/09/2017
FJJ307951G/FJJ;92;14/09/2017
FJJ307951H/FJJ;91;14/09/2017
FJJ307951I/FJJ;92;14/09/2017
FJJ308160AT/MBA;78;30/10/2017
FJJ308274L/IBU;72;11/10/2017
FJJ308274O/IBU;75;11/10/2017
FJJ309192/FJJ;76;20/10/2017
FJJ309192A/FJJ;74;30/10/2017
FJJ309193/FJJ;77;23/10/2017
FJJ309216/FJJ;78;20/10/2017
FJJ309246/FJJ;89;23/10/2017
FJJ309246B/FJJ;84;30/10/2017
FJJ309247/FJJ;83;20/10/2017
FJJ309278/FJJ;85;20/10/2017
FJJ309278A/FJJ;82;30/10/2017
FJJ309342/FJJ;86;23/10/2017
FJJ309378/FJJ;89;25/10/2017
FJJ309378B/FJJ;88;30/10/2017
FJJ309508/FJJ;102;02/11/2017
GJO110360CS/GJO;83;08/03/2017
GJO160043K/ABH;78;04/08/2016
GJO161060BY/CBO;83;10/03/2017
GJO178493A/GJO;87;08/03/2017
GJO182568AM/GJO;79;17/11/2016
GJO183064AG/GJO;82;24/10/2016
GJO183254S/GJO;98;26/10/2016
GJO295909O/GJO;104;26/10/2016
GJO303642N/GCB;95;19/07/2017
GJO304174B/GJO;89;10/03/2017
HHE143825BX/HHE;92;11/05/2016
IBU092083CU/EGO;89;08/03/2017
IBU180864G/IBU;69;25/08/2016
IBU180864K/IBU;72;06/10/2016
IBU180864M/IBU;72;06/10/2016
IBU180864N/IBU;73;06/10/2016
IBU180864P/IBU;70;09/11/2016
IBU180864Q/IBU;71;09/11/2016
IBU245388/IBU;97;30/03/2016
IBU279948/IBU;80;24/10/2016
IBU279948B/IBU;85;26/10/2016
IBU279948C/IBU;87;26/10/2016
IBU294476B/IBU;91;26/10/2016
IBU294476C/IBU;92;26/10/2016
IBU294476D/IBU;96;27/10/2016
IBU294476E/IBU;103;27/10/2016
IBU294553/IBU;68;29/07/2016
IBU294553C/IBU;64;29/07/2016
IBU294553D/IBU;73;03/08/2016
IBU296797N/IBU;78;08/03/2017
IBU301305M/IBU;76;08/03/2017
IBU302667C/IBU;63;19/01/2017
IBU302667D/IBU;63;24/01/2017
IBU302667H/IBU;63;25/01/2017
IBU302907/IBU;68;25/01/2017
IBU302923/IBU;67;24/01/2017
IBU302927A/IBU;65;25/01/2017
IBU304134A/IBU;78;10/03/2017
IBU304134C/IBU;75;20/03/2017
IBU308274I/IBU;77;11/10/2017
IFA225533/IFA;82;24/08/2016
IMA107178BY/IMA;95;05/10/2017
IMP088259GC/DGI;79;06/02/2017
IMP088259GG/DGI;91;13/04/2017
IMP111058AA/BPM;88;13/02/2017
IMP111058AB/BPM;86;17/03/2017
IMP111058AC/BPM;84;17/03/2017
IMP111805CD/BPM;75;26/09/2017
IMP112114K/ABH;73;31/01/2017
IMP112114M/ABH;73;01/03/2017
IMP112345AC/BPM;107;15/06/2017
IMP112345AD/BPM;98;16/06/2017
IMP145460FB/NLE;62;31/01/2017
IMP157038BY/NLE;80;26/05/2017
IMP160903AX/DGI;90;05/08/2016
IMP160903BD/DGI;88;10/03/2017
IMP160903BO/DGI;74;20/03/2017
IMP160903CM/DGI;87;30/08/2017
IMP163231AK/IMP;75;13/02/2017
IMP163231AR/IMP;72;12/05/2016
IMP163231AS/IMP;72;12/05/2016
IMP163231AV/IMP;81;26/07/2016
IMP163231AW/IMP;81;27/07/2016
IMP163231AX/IMP;77;04/05/2016
IMP163231AY/IMP;81;04/08/2016
IMP163231BD/IMP;73;08/11/2016
IMP163231BG/IMP;75;13/02/2017
IMP163231BH/IMP;75;14/02/2017
IMP163231BO/IMP;75;10/10/2017
IMP163348O/IMP;84;06/02/2017
IMP163348P/IMP;80;06/02/2017
IMP164422E/IMP;97;15/04/2016
IMP164422F/IMP;92;18/04/2016
IMP164422M/IMP;90;17/05/2017
IMP164423E/IMP;90;29/06/2017
IMP164426J/IMP;92;12/05/2016
IMP164426N/IMP;81;29/06/2017
IMP164426O/IMP;88;20/07/2017
IMP164426P/IMP;88;31/08/2017
IMP164427M/IMP;98;29/06/2017
IMP164427O/IMP;96;29/06/2017
IMP164427Q/IMP;93;20/07/2017
IMP164427R/IMP;94;11/07/2017
IMP164428M/IMP;86;25/08/2016
IMP164428N/IMP;87;06/10/2016
IMP164428Q/IMP;87;22/09/2016
IMP164428R/IMP;86;06/10/2016
IMP164429M/IMP;71;31/01/2017
IMP164430B/IMP;94;13/04/2017
IMP165569AA/IMP;81;21/07/2017
IMP165569X/IMP;87;14/06/2016
IMP165569Y/IMP;82;17/06/2016
IMP165569Z/IMP;85;17/06/2016
IMP165570AB/IMP;90;18/04/2016
IMP165570AD/IMP;84;02/08/2016
IMP165570AE/IMP;87;03/08/2016
IMP165570AF/IMP;87;31/08/2016
IMP165570AG/IMP;76;29/06/2017
IMP165570AH/IMP;76;30/06/2017
IMP165570AI/IMP;84;11/07/2017
IMP165570Z/IMP;94;30/03/2016
IMP165571BD/IMP;36;26/07/2016
IMP165571BE/IMP;88;28/07/2016
IMP165571BF/IMP;79;28/07/2016
IMP169185BC/SKO;84;29/03/2016
IMP179279J/DGI;67;01/09/2016
IMP180057Q/DGI;97;18/09/2017
IMP180821AA/IMP;95;12/10/2016
IMP180821AK/IMP;89;19/01/2017
IMP180821AR/IMP;78;23/01/2017
IMP180821AT/IMP;95;28/03/2017
IMP180821AU/IMP;95;30/03/2017
IMP180821AV/IMP;91;01/06/2017
IMP180821AW/IMP;68;29/06/2017
IMP180821AX/IMP;84;03/07/2017
IMP180821AY/IMP;85;07/07/2017
IMP180821BA/IMP;92;21/07/2017
IMP181254AL/IMP;58;05/12/2016
IMP181254AM/IMP;74;17/08/2017
IMP181254AO/IMP;65;13/06/2017
IMP181254X/IMP;40;24/04/2017
IMP181289AA/IMP;83;03/08/2016
IMP181289AB/IMP;82;03/08/2016
IMP181289AC/IMP;75;10/02/2017
IMP181289AD/IMP;74;14/02/2017
IMP181289AE/IMP;67;21/02/2017
IMP181289AF/IMP;79;26/04/2017
IMP181289AH/IMP;83;21/06/2017
IMP181289AI/IMP;78;21/07/2017
IMP181289W/IMP;82;26/07/2016
IMP181289X/IMP;84;27/07/2016
IMP181289Z/IMP;86;03/08/2016
IMP182514AJ/IMP;103;30/03/2016
IMP182514AM/IMP;100;20/04/2016
IMP182514AO/IMP;97;11/10/2016
IMP182514AP/IMP;101;04/05/2016
IMP182514AQ/IMP;95;11/05/2016
IMP182514AT/IMP;109;30/06/2016
IMP182514AV/IMP;107;06/07/2016
IMP182514BC/IMP;107;07/07/2016
IMP182514BL/IMP;94;17/10/2016
IMP182514BM/IMP;90;19/10/2016
IMP182514BN/IMP;94;19/10/2016
IMP182514BO/IMP;87;21/10/2016
IMP182514BP/IMP;80;24/10/2016
IMP182514BQ/IMP;90;25/10/2016
IMP182514BR/IMP;97;26/10/2016
IMP182514BW/IMP;90;13/02/2017
IMP182514BX/IMP;84;17/02/2017
IMP182514CI/IMP;105;28/03/2017
IMP182514CP/IMP;106;30/03/2017
IMP182514DF/IMP;93;21/06/2017
IMP182514DG/IMP;103;22/06/2017
IMP182532AP/ABX;88;28/11/2016
IMP182532AT/ABX;89;08/12/2016
IMP182532AX/ABX;84;08/12/2016
IMP182532AY/ABX;88;12/12/2016
IMP182532AY/ABX;89;10/10/2017
IMP182532BA/ABX;83;09/03/2017
IMP182532BJ/ABX;95;10/10/2017
IMP182532BS/ABX;97;10/10/2017
IMP182533O/IMP;86;12/05/2016
IMP182533Q/IMP;88;22/09/2016
IMP182533V/IMP;86;11/01/2017
IMP182533Z/IMP;87;04/05/2017
IMP182659F/IMP;103;26/07/2017
IMP182659O/IMP;106;07/04/2016
IMP182822C/IMP;88;11/10/2016
IMP182822H/IMP;85;12/06/2017
IMP182854A/IMP;82;26/07/2017
IMP182856AH/IMP;96;08/11/2016
IMP182856AT/IMP;76;19/01/2017
IMP182856AW/IMP;72;23/01/2017
IMP182856AZ/IMP;76;10/02/2017
IMP182856BR/IMP;85;31/05/2017
IMP182856BX/IMP;89;05/09/2017
IMP182856C/IMP;97;26/07/2017
IMP182856S/IMP;92;23/05/2016
IMP182885CL/IMP;55;23/01/2017
IMP182885CN/IMP;56;24/01/2017
IMP182885CO/IMP;56;24/01/2017
IMP182885CP/IMP;59;25/01/2017
IMP182885CQ/IMP;60;25/01/2017
IMP182885CU/IMP;78;05/09/2017
IMP182885CV/IMP;78;05/09/2017
IMP182885DF/IMP;74;10/10/2017
IMP182885G/IMP;60;21/10/2016
IMP182885M/IMP;70;23/08/2017
IMP182886H/IMP;82;13/02/2017
IMP182893AH/IMP;105;30/05/2016
IMP182893AJ/IMP;73;08/06/2016
IMP182893AK/IMP;78;13/06/2016
IMP182893AL/IMP;121;25/07/2016
IMP182893AS/IMP;104;27/04/2017
IMP182893AX/IMP;101;16/05/2017
IMP182893BG/IMP;91;05/09/2017
IMP183102H/IMP;127;18/07/2016
IMP183103L/ABX;91;28/09/2016
IMP183103M/ABX;105;07/10/2016
IMP183103P/ABX;88;16/11/2016
IMP183151/IMP;79;15/09/2016
IMP183151G/IMP;79;08/11/2016
IMP183151K/IMP;77;10/02/2017
IMP183151M/IMP;73;01/03/2017
IMP183151W/IMP;78;10/10/2017
IMP183512A/IMP;113;28/04/2017
IMP183512AD/IMP;95;13/02/2017
IMP183512AE/IMP;87;17/02/2017
IMP183512AM/IMP;107;28/03/2017
IMP183512AR/IMP;118;21/06/2017
IMP183512AS/IMP;109;21/07/2017
IMP183512AU/IMP;103;01/08/2017
IMP183512AW/IMP;96;05/09/2017
IMP183512Y/IMP;106;23/09/2016
IMP208030BT/DGI;100;18/09/2017
IMP222232C/MAR;82;28/11/2016
IMP222464G/FCA;80;12/01/2017
IMP222464H/FCA;87;12/01/2017
IMP224947AA/JJJ;76;05/05/2017
IMP224947AB/JJJ;76;05/05/2017
IMP224947R/JJJ;79;31/03/2017
IMP224947S/JJJ;79;21/04/2017
IMP225059F/NBO;80;24/05/2017
IMP225202M/RVZ;96;03/02/2017
IMP225202N/RVZ;98;03/02/2017
IMP225202P/RVZ;96;06/02/2017
IMP225202R/RVZ;98;08/02/2017
IMP225202S/RVZ;96;06/02/2017
IMP225202U/RVZ;98;08/02/2017
IMP225202V/RVZ;98;08/02/2017
IMP225202W/RVZ;98;08/02/2017
IMP225202Z/IMP;98;12/10/2017
IMP226918F/JSA;61;18/09/2017
IMP227393G/JSA;107;18/09/2017
IMP228182M/BPM;76;13/02/2017
IMP228694U/JSA;91;18/09/2017
IMP229011B/FCA;91;22/05/2017
IMP229011B/FCA;91;
IMP229321G/JSA;104;07/09/2016
IMP229408AN/BPM;85;13/02/2017
IMP233134E/IMP;96;28/11/2016
IMP233168AK/IMP;96;12/05/2016
IMP233169S/IMP;101;07/06/2017
IMP233169V/IMP;91;19/05/2017
IMP233169W/IMP;99;19/05/2017
IMP233169X/IMP;97;28/06/2017
IMP233175/IMP;105;07/06/2017
IMP233363AL/BIL;87;29/06/2017
IMP233363AO/BIL;90;20/07/2017
IMP233567R/IMP;80;02/08/2016
IMP233567S/IMP;81;03/08/2016
IMP233567U/IMP;79;31/08/2016
IMP233603AI/IMP;83;17/08/2017
IMP233603AI/IMP;81;07/09/2017
IMP233603C/IMP;59;13/04/2017
IMP233603V/IMP;59;23/01/2017
IMP233603W/IMP;61;25/01/2017
IMP233605P/IMP;92;19/08/2016
IMP233625AJ/IMP;97;29/06/2017
IMP233692AB/IMP;81;21/07/2017
IMP233692T/IMP;92;14/06/2016
IMP233692Z/IMP;86;27/04/2017
IMP233694AF/IMP;96;27/04/2017
IMP233694AH/IMP;96;07/06/2017
IMP233694AI/IMP;100;29/06/2017
IMP233694AL/IMP;96;20/07/2017
IMP233694AO;100;18/09/2017
IMP233694Y/IMP;93;12/10/2016
IMP233770AA/IMP;89;01/08/2016
IMP233770AB/IMP;89;17/11/2016
IMP233770AD/IMP;88;17/11/2016
IMP233770AE/IMP;89;17/11/2016
IMP233770AF/IMP;87;17/11/2016
IMP233770AM/IMP;87;28/11/2016
IMP233770AR/IMP;82;08/12/2016
IMP233770BM/IMP;85;08/12/2016
IMP233770BP/IMP;84;06/02/2017
IMP233770BQ/IMP;79;09/03/2017
IMP233770BR/IMP;84;09/03/2017
IMP233770Z/IMP;89;29/07/2016
IMP233820E/IMP;81;02/08/2016
IMP233820F/IMP;73;01/08/2016
IMP233820H/IMP;78;31/08/2016
IMP233821H/IMP;100;10/06/2016
IMP233821V/IMP;106;27/04/2017
IMP234041AF/IMP;103;11/05/2016
IMP234041AM/IMP;90;10/06/2016
IMP234041AU/IMP;102;19/10/2016
IMP234041AW/IMP;102;19/10/2016
IMP234041AX/IMP;103;21/10/2016
IMP234041AY/IMP;104;24/10/2016
IMP234041AZ/IMP;104;26/10/2016
IMP234041BA/IMP;104;26/10/2016
IMP234041BB/IMP;104;26/10/2016
IMP234041BC/IMP;105;26/10/2016
IMP234041BI/IMP;95;05/05/2017
IMP234041BJ/IMP;96;09/05/2017
IMP234041BK/IMP;95;31/05/2017
IMP234041Y/IMP;104;30/03/2016
IMP234066Q/IMP;71;29/03/2016
IMP234122E/IMP;97;13/04/2017
IMP234337D/DGI;97;15/09/2016
IMP234428L/IMP;95;18/04/2016
IMP234485E/IMP;93;07/09/2016
IMP234485H/IMP;93;04/05/2017
IMP234605AD/IMP;82;02/08/2016
IMP234605AF/IMP;81;09/09/2016
IMP234630AB/IMP;93;17/05/2017
IMP234630AF/IMP;96;29/06/2017
IMP234630Q/IMP;112;13/06/2016
IMP234647D/IMP;106;25/07/2016
IMP234647E/IMP;107;12/10/2016
IMP234647G/IMP;101;12/10/2016
IMP234659D/IMP;95;06/04/2017
IMP234726/DGI;79;21/08/2017
IMP234810W/IMP;64;03/05/2017
IMP234847AI/IMP;94;12/05/2016
IMP234847U/IMP;98;07/04/2016
IMP234857AB/IMP;104;10/10/2017
IMP234857P/IMP;122;16/11/2016
IMP234857X/IMP;97;29/06/2017
IMP234890N/IMP;84;02/08/2016
IMP234890P/IMP;83;01/08/2016
IMP234890S/IMP;81;06/02/2017
IMP234893AA/IMP;55;06/06/2016
IMP234893AC/IMP;56;17/06/2016
IMP234893AS/IMP;54;23/01/2017
IMP234893AU/IMP;55;24/01/2017
IMP234893AV/IMP;54;24/01/2017
IMP234893AW/IMP;61;25/01/2017
IMP234893AY/IMP;54;03/05/2017
IMP234903O/IMP;81;17/05/2016
IMP234903P/IMP;88;17/05/2016
IMP234940M/IMP;79;12/05/2016
IMP234940P/IMP;89;12/05/2016
IMP234940R/IMP;95;02/06/2016
IMP234940S/IMP;91;26/07/2016
IMP234940U/IMP;94;08/11/2016
IMP234960AB/IMP;88;05/10/2016
IMP234960U/IMP;77;09/09/2016
IMP234960W/IMP;76;15/09/2016
IMP234960X/IMP;76;15/09/2016
IMP235065AB/IMP;87;19/04/2017
IMP235065S/IMP;88;25/08/2016
IMP235065V/IMP;89;06/10/2016
IMP235065X/IMP;87;27/02/2017
IMP235065Y/IMP;87;10/03/2017
IMP235154D/IMP;90;11/04/2016
IMP235154F/IMP;90;06/04/2017
IMP235329AB/IMP;71;31/01/2017
IMP235329AF/IMP;81;16/05/2017
IMP235329AH/IMP;80;01/06/2017
IMP235329AL/IMP;81;21/07/2017
IMP235329AM/IMP;83;25/07/2017
IMP235329K/IMP;87;02/06/2016
IMP235329L/IMP;85;30/05/2016
IMP235329M/IMP;83;01/06/2016
IMP235329O/IMP;83;06/06/2016
IMP235329P/IMP;84;06/06/2016
IMP235329Q/IMP;82;13/06/2016
IMP235329R/IMP;81;13/06/2016
IMP235329Y/IMP;86;08/01/2017
IMP235335G/IMP;91;04/05/2017
IMP235739D/IMP;84;15/09/2016
IMP235739I/IMP;89;28/09/2016
IMP235739J/IMP;89;05/10/2016
IMP235762G/IMP;96;08/01/2017
IMP235834/IMP;86;04/07/2016
IMP235834C/IMP;93;17/05/2017
IMP235834F/IMP;95;29/06/2017
IMP292375B/IMP;90;13/06/2016
IMP292375C/IMP;84;16/06/2016
IMP292375D/IMP;89;30/06/2016
IMP292375E/IMP;88;30/06/2016
IMP292375H/IMP;88;06/07/2016
IMP292375W/IMP;89;15/09/2016
IMP292375Z/IMP;94;05/10/2016
IMP292382M/IMP;105;15/09/2016
IMP292382O/IMP;109;28/09/2016
IMP292382P/IMP;106;07/10/2016
IMP292806B/IMP;103;25/06/2016
IMP294234C/IMP;92;28/09/2016
IMP294348B/IMP;81;10/10/2017
IMP294688/IMP;78;27/07/2016
IMP295755W/IMP;92;10/10/2017
IMP295788/IMP;121;15/09/2016
IMP295788A/IMP;100;07/10/2016
IMP295788B/IMP;102;01/06/2017
IMP295810/IMP;97;15/09/2016
IMP295810B/IMP;95;28/09/2016
IMP296613A/IMP;93;23/09/2016
IMP296613C/IMP;94;05/10/2016
IMP296613H/IMP;91;08/11/2016
IMP296616/IMP;114;23/09/2016
IMP296616B/IMP;108;12/10/2016
IMP296616C/IMP;111;08/11/2016
IMP296616M/IMP;76;19/01/2017
IMP296616O/IMP;77;23/01/2017
IMP296616V/IMP;109;30/03/2017
IMP296763A/IMP;113;18/11/2016
IMP296763B/IMP;101;23/06/2017
IMP296763C/IMP;102;23/06/2017
IMP297022/IMP;86;11/10/2016
IMP297022A/IMP;91;14/10/2016
IMP297022B/IMP;86;19/10/2016
IMP297022C/IMP;88;21/10/2016
IMP297022D/IMP;93;24/10/2016
IMP297022E/IMP;98;25/10/2016
IMP297022F/IMP;98;26/10/2016
IMP297022G/IMP;98;26/10/2016
IMP297022H/IMP;98;26/10/2016
IMP297022I/IMP;99;26/10/2016
IMP297030C/IMP;94;26/10/2016
IMP300722/IMP;88;17/10/2016
IMP300722A/IMP;85;21/10/2016
IMP300722AF/IMP;91;19/07/2017
IMP300722B/IMP;91;25/10/2016
IMP300722E/IMP;90;17/05/2017
IMP300737/IMP;80;26/10/2016
IMP300806/IMP;89;21/10/2016
IMP300806A/IMP;95;24/10/2016
IMP300806B/IMP;99;25/10/2016
IMP300886J/IMP;134;04/11/2016
IMP302160/IMP;62;22/12/2016
IMP302160AA/IMP;65;01/02/2017
IMP302160AB/IMP;55;01/02/2017
IMP302160AB/IMP;55;01/02/2017
IMP302160AC/IMP;59;02/02/2017
IMP302160AD/IMP;60;02/02/2017
IMP302160AF/IMP;57;07/02/2017
IMP302160AJ/IMP;62;08/02/2017
IMP302160AK/IMP;62;08/02/2017
IMP302160AL/IMP;66;08/02/2017
IMP302160AM/IMP;60;13/02/2017
IMP302160AN/IMP;58;13/02/2017
IMP302160B/IMP;63;04/01/2017
IMP302160C/IMP;62;04/01/2017
IMP302160H/IMP;65;07/02/2017
IMP302160K/IMP;54;07/02/2017
IMP302160L/IMP;57;07/02/2017
IMP302160M/IMP;44;16/01/2017
IMP302160N/IMP;85;17/01/2017
IMP302160U/IMP;79;27/01/2017
IMP302160V/IMP;87;01/02/2017
IMP302160W/IMP;82;01/02/2017
IMP302160X/IMP;77;01/02/2017
IMP302160Y/IMP;72;01/02/2017
IMP302162AA/ABX;61;09/02/2017
IMP302162D/ABX;77;27/01/2017
IMP302162L/ABX;71;27/01/2017
IMP302162N/ABX;77;31/01/2017
IMP302162O/ABX;69;31/01/2017
IMP302162Q/ABX;75;02/02/2017
IMP302162R/ABX;68;02/02/2017
IMP302162S/ABX;65;03/02/2017
IMP302162T/ABX;59;06/02/2017
IMP302162U/ABX;65;06/02/2017
IMP302162V/ABX;61;06/02/2017
IMP302264E/IMP;102;08/01/2017
IMP302874N/MBA;74;28/02/2017
IMP302914A/IMP;61;23/01/2017
IMP302914B/IMP;59;23/01/2017
IMP302914C/IMP;61;25/01/2017
IMP302917A/IMP;61;23/01/2017
IMP303085H/IMP;95;04/08/2017
IMP303148D/IMP;71;28/02/2017
IMP304026/IMP;76;03/03/2017
IMP304026A/IMP;80;09/03/2017
IMP304026C/IMP;77;09/03/2017
IMP304028/IMP;28;06/03/2017
IMP304028A/IMP;96;09/03/2017
IMP304028B/IMP;82;09/03/2017
IMP304033/IMP;67;03/03/2017
IMP304034D/ABX;79;10/03/2017
IMP304035L/ABX;76;20/03/2017
IMP304054A/IMP;85;27/04/2017
IMP304054C/IMP;79;21/07/2017
IMP304438/IMP;94;31/03/2017
IMP304438B/IMP;90;21/04/2017
IMP304438C/IMP;86;05/05/2017
IMP304461L/MBA;87;06/04/2017
IMP304899/IMP;86;01/06/2017
IMP305711A/IMP;71;04/08/2017
IMP306130L/IMP;68;25/08/2017
IMP306902Q/IMP;85;30/08/2017
IMP306956D/IMP;64;03/08/2017
JDM092215AJ/JDM;86;10/03/2017
JDM092215M/JDM;82;15/07/2016
JDM092216J/JDM;84;15/07/2016
JDM092217C/JDM;111;31/07/2017
JDM092508BX/JDM;77;31/08/2017
JDM092508CL/JDM;72;12/10/2017
JDM109436F/JDM;84;10/10/2017
JDM109436H/JDM;84;02/08/2017
JDM163553Y/JDM;81;29/03/2016
JDM165459A/JDM;100;01/07/2016
JDM181604D/JDM;78;18/03/2017
JDM183220K/JDM;110;12/06/2017
JDM218829AW/DGI;84;06/06/2016
JDM218829AX/DGI;84;06/06/2016
JDM218829BB/DGI;85;23/08/2016
JDM219838SP/FIK;83;20/04/2017
JDM225588C/NBO;84;15/09/2016
JDM225588D/NBO;85;21/10/2016
JDM231368AA/JDM;86;24/08/2017
JDM231377GI/JDM;65;29/03/2016
JDM231377LT/JDM;83;04/09/2017
JDM231617AA/JDM;60;10/05/2017
JDM231617Z/JDM;60;22/06/2017
JDM231656K/JDM;90;24/11/2016
JDM231879G/JDM;102;18/09/2017
JDM231879K/JDM;101;12/06/2017
JDM231880/JDM;113;18/09/2017
JDM231880F/JDM;109;29/07/2016
JDM231880F/JDM;110;12/06/2017
JDM231953O/JDM;81;01/04/2016
JDM232045M/JDM;64;13/06/2017
JDM232264F/JDM;88;12/10/2017
JDM232352D/JDM;90;21/08/2017
JDM232352M/JDM;96;01/07/2016
JDM232376/JDM;65;12/06/2017
JDM232517H/FJJ;45;16/10/2017
JDM232517I/FJJ;50;16/10/2017
JDM232517K/JDM;59;17/10/2017
JDM232517L/JDM;57;17/10/2017
JDM232517N/FJJ;96;17/10/2017
JDM232517O/FJJ;98;17/10/2017
JDM232517Q/FJJ;98;18/10/2017
JDM232517R/FJJ;98;18/10/2017
JDM232538CR/BIL;110;07/09/2017
JDM232599J/JDM;83;02/08/2017
JDM232599Y/JDM;83;09/10/2017
JDM233088D/JDM;87;25/08/2017
JDM233194E/JDM;73;18/03/2017
JDM233194F/JDM;73;21/03/2017
JDM233194G/JDM;76;23/03/2017
JDM233197E/JDM;92;19/08/2016
JDM233197G/JDM;86;19/08/2016
JDM233197H/JDM;78;19/08/2016
JDM233197L/JDM;84;09/05/2017
JDM233197M/JDM;75;09/05/2017
JDM233283Q/JDM;72;10/10/2017
JDM233308M/JDM;110;20/04/2017
JDM233308Q/JDM;102;10/03/2017
JDM233372AL/JDM;75;08/03/2017
JDM233392E/JDM;101;18/03/2017
JDM233392I/JDM;92;12/05/2017
JDM233560M/JDM;102;02/08/2017
JDM2335640/JDM;78;04/09/2017
JDM233700AM/JDM;75;18/03/2017
JDM233700AN/JDM;84;21/03/2017
JDM233700AO/JDM;85;23/03/2017
JDM233700AP/JDM;66;30/03/2017
JDM233700I/JDM;76;13/06/2017
JDM233772S/JDM;75;21/03/2017
JDM233772U/JDM;76;10/04/2017
JDM233816A/JDM;111;18/09/2017
JDM233897A/JDM;81;09/08/2016
JDM233966E/JDM;104;25/08/2017
JDM233971F/JDM;79;09/10/2017
JDM234563B/JDM;89;18/09/2017
JDM234937C/JDM;104;01/04/2016
JDM235096E/JDM;80;29/03/2016
JDM235096H/JDM;78;29/03/2016
JDM235115K/JDM;75;29/03/2016
JDM235115L/JDM;73;25/03/2016
JDM235115N/JDM;72;30/03/2016
JDM235115Q/JDM;71;10/04/2017
JDM235124N/JDM;80;10/08/2017
JDM235912B/JDM;97;09/08/2016
JDM235944K/JDM;101;08/03/2017
JDM267908E/JDM;100;31/08/2017
JDM267912AH/JDM;78;04/09/2017
JDM293947H/JDM;75;20/07/2016
JDM293947O/JDM;64;18/03/2017
JDM293947P/JDM;67;21/03/2017
JDM293947Q/JDM;66;23/03/2017
JDM293947R/JDM;68;23/03/2017
JDM294001J/JDM;87;20/07/2016
JDM294671I/JDM;99;31/08/2017
JDM294673F/JDM;71;31/08/2017
JDM295811/JDM;97;15/09/2016
JDM295811A/JDM;98;23/09/2016
JDM300957/JDM;104;21/11/2016
JDM300957M/JDM;108;10/02/2017
JDM300957N/JDM;103;08/03/2017
JDM302493N/SDU;108;16/06/2017
JDM302493R/SDU;97;18/03/2017
JDM303348/JDM;100;10/02/2017
JDM303956O/MBA;110;02/08/2017
JDM307369K/JDM;102;18/08/2017
JDO183381AS/JDO;79;08/03/2017
JJJ/034725EH/JJJ;77;09/10/2017
JJJ/230462L/JJJ;80;30/08/2017
JJJ000486BC/JJJ;117;12/10/2016
JJJ000486BG/JJJ;80;09/12/2016
JJJ000486BI/JJJ;116;11/01/2017
JJJ000486BJ/JJJ;114;11/01/2017
JJJ021445BI/JJJ;95;11/04/2017
JJJ021589BH/JJJ;99;04/09/2017
JJJ021589BJ/JJJ;99;05/10/2017
JJJ021779BI/JJJ;90;11/04/2017
JJJ021938Y/JJJ;102;22/05/2017
JJJ027479CB/JJJ;90;14/09/2016
JJJ027480BF/JJJ;72;07/07/2016
JJJ027480CF/JJJ;77;24/08/2016
JJJ027480DL/JJJ;77;23/08/2017
JJJ027480EO/JJJ;80;23/08/2017
JJJ027481AD/JJJ;71;08/08/2016
JJJ027481X/JJJ;101;23/08/2017
JJJ027482BS/JJJ;91;12/06/2017
JJJ027482DZ/JJJ;92;25/10/2016
JJJ027482FJ/JJJ;92;21/07/2017
JJJ027482FL/JJJ;89;01/08/2017
JJJ027482H/JJJ;71;18/10/2016
JJJ027482K/JJJ;81;30/03/2017
JJJ028128Q/JJJ;109;16/08/2017
JJJ029495R/JJJ;96;07/06/2017
JJJ031534DL/JJJ;91;01/04/2016
JJJ033611IX/FIK;94;04/08/2016
JJJ085665CQ/JJJ;105;22/06/2017
JJJ085665EH/JJJ;109;26/04/2016
JJJ085665H/JJJ;107;12/06/2017
JJJ085665Y/JJJ;105;22/05/2017
JJJ086931BD/JJJ;103;12/06/2017
JJJ087268MB/JJJ;90;27/07/2016
JJJ089217M/JJJ;75;25/08/2017
JJJ089449CF/JJJ;88;31/07/2017
JJJ089449DU/JJJ;70;01/07/2016
JJJ090240B/JJJ;99;10/08/2017
JJJ091161NS/ANL;74;20/10/2017
JJJ091309AK/JJJ;68;02/08/2017
JJJ091684B/JJJ;97;20/04/2017
JJJ091797BM/JJJ;96;25/08/2017
JJJ092045/JJJ;99;06/09/2017
JJJ092045H/JJJ;102;30/08/2017
JJJ092045O/JJJ;100;01/07/2016
JJJ092318F/JJJ;98;15/07/2016
JJJ108004J/JJJ;93;10/08/2017
JJJ108217AF/JJJ;84;10/08/2017
JJJ108486DD/JJJ;97;10/08/2017
JJJ108486EC/JJJ;89;05/04/2016
JJJ108592D/JJJ;81;10/08/2017
JJJ111428AK/JJJ;94;06/07/2017
JJJ111428AM/JJJ;96;06/07/2017
JJJ143233BV/JJJ;90;21/06/2017
JJJ143233BW/JJJ;81;06/07/2017
JJJ144125BE/JJJ;96;08/02/2017
JJJ145789BA/JJJ;74;08/08/2016
JJJ145789BD/JJJ;89;05/10/2017
JJJ145789BK/JJJ;73;30/10/2017
JJJ161754EZ/JJJ;88;25/08/2017
JJJ163472AP/FJJ;74;30/10/2017
JJJ163484EJ/JJJ;108;22/07/2016
JJJ163484EL/JJJ;99;22/07/2016
JJJ163484EQ/JJJ;112;04/08/2016
JJJ164459AT/JJJ;76;20/10/2017
JJJ164459AU/JJJ;77;30/10/2017
JJJ164542AQ/JJJ;89;12/10/2017
JJJ164589B/JJJ;108;22/05/2017
JJJ164589Q/JJJ;111;02/06/2016
JJJ165458D/JJJ;87;07/07/2016
JJJ176543B/JJJ;84;10/08/2017
JJJ178842I/JJJ;98;10/05/2017
JJJ181330G/JJJ;91;10/08/2017
JJJ182647BO/JJJ;105;27/06/2016
JJJ182647BU/JJJ;104;14/11/2016
JJJ207243EK/JJJ;99;25/08/2017
JJJ207280BO/JJJ;106;11/07/2016
JJJ207280BR/JJJ;103;02/08/2017
JJJ207418AM/JJJ;108;07/11/2017
JJJ207435GY/JJJ;86;20/10/2017
JJJ207470AB/JJJ;122;06/09/2017
JJJ207476CB/JJJ;109;12/06/2017
JJJ207523N/JJJ;69;09/10/2017
JJJ207719A/JJJ;110;09/08/2016
JJJ207730AX/JJJ;52;25/08/2017
JJJ209649Z/JJJ;92;15/03/2017
JJJ217943J/JJJ;119;08/07/2016
JJJ218219G/JJJ;121;06/07/2017
JJJ220319AV/JJJ;80;09/10/2017
JJJ220854B/MGU;84;17/08/2016
JJJ223236AA/JJJ;90;02/08/2017
JJJ224106P/JJJ;79;02/06/2017
JJJ224350AA/DGI;51;25/06/2016
JJJ224350AC/DGI;102;26/07/2016
JJJ227151D/JJJ;64;12/06/2017
JJJ228289RI/JJJ;76;20/10/2017
JJJ228289RO/JJJ;75;30/10/2017
JJJ229305I/JJJ;115;30/08/2017
JJJ230252C/LSA;76;10/08/2017
JJJ230252D/LSA;76;10/08/2017
JJJ230252G/LSA;77;10/08/2017
JJJ230252J/LSA;78;10/08/2017
JJJ231675EC/JJJ;65;23/01/2017
JJJ233151Q/JJJ;81;06/09/2017
JJJ233209A/TAK;98;16/06/2017
JJJ233209B/TAK;92;19/06/2017
JJJ233354MN/ANL;81;20/10/2017
JJJ233354MT/ANL;78;30/10/2017
JJJ233686A/JJJ;86;25/08/2017
JJJ233696AX/JJJ;97;29/03/2016
JJJ234168CL/JJJ;123;12/10/2016
JJJ235198AB/MBA;77;20/10/2017
JJJ235681B/JJJ;80;24/03/2016
JJJ235681D/JJJ;79;24/03/2016
JJJ245437F/JJJ;112;29/03/2016
JJJ296911D/JJJ;120;12/10/2016
JJJ305534AJ/MAG;75;10/08/2017
JJJ306750AJ/MBA;91;18/08/2017
JJJ306984C/FJJ;75;04/10/2014
JJJ307485BJ/JJJ;87;20/10/2017
JJJ308160AO/MBA;84;20/10/2017
JSA029307AF/JSA;97;23/08/2016
JSA032351AD/JSA;118;12/06/2017
JSA034536K/JSA;81;31/07/2017
JSA088796F/JSA;107;24/10/2016
JSA110197A/JSA;71;24/08/2016
JSA165269P/JSA;83;04/08/2016
JSA226954A/JSA;64;17/08/2017
JSA227540A/JSA;103;21/06/2017
JSA227697A/JSA;114;02/11/2016
JSA228771C/JSA;77;21/06/2017
JSA228970C/JSA;148;10/05/2017
JSA229255/JSA;141;11/07/2017
JSA230991A/JSA;105;10/10/2017
JUN245496L/JUN;94;07/10/2016
JUN245543H/JUN;104;07/10/2016
JVA096891D/JVA;91;08/07/2016
KKE030137FX/ALU;73;19/01/2017
KKE090941BQ/KKE;72;19/01/2017
KKE162438AA/KKE;81;31/01/2017
KKE162475BX/KKE;86;12/05/2016
KKE162475CG/KKE;96;27/07/2016
KKE164832AF/KKE;90;27/07/2016
KKE164832Z/KKE;74;26/07/2016
KKE182273C/KKE;52;05/12/2016
KKE182354C/KKE;111;12/10/2016
KKE182864I/KKE;82;27/07/2016
KKE182864J/KKE;76;02/08/2016
KKE245320AK/KKE;79;08/03/2017
KKE245320AS/KKE;73;10/03/2017
KKE294669/KKE;90;27/07/2016
KKE294669A/KKE;77;02/08/2016
KSE162462AU/SLT;102;07/09/2017
KSE182621K/KSE;100;05/12/2016
KSE182621L/KSE;101;12/01/2017
KSE233454E/KSE;97;09/08/2016
KSE233454O/KSE;100;26/05/2017
KSE233847AB/KSE;107;10/06/2016
KSE233847AD/KSE;106;09/02/2017
KSE234839E/KSE;108;30/03/2017
KSE234919A/KSE;120;13/07/2016
KSE234926A/KSE;110;29/06/2017
KSE235017H/KSE;107;26/05/2017
KSE235149K/KSE;92;26/05/2017
KSE235178H/KSE;111;27/09/2017
KSE235223C/KSE;81;07/02/2017
KSE235725C/KSE;86;04/05/2016
KSE235803A/KSE;94;04/05/2016
KSE235813B/KSE;77;24/05/2017
KSE235872B/KSE;111;04/05/2016
KSE235934A/KSE;105;26/05/2017
KSE245433E/KSE;101;26/05/2017
KSE245623E/KSE;106;23/05/2017
KSE266616A/KSE;102;04/05/2016
KSE266616AA/KSE;105;23/06/2017
KSE293976B/KSE;109;09/02/2017
LFA222451D/LFA;66;02/11/2016
MAR019349G/MAR;64;03/08/2017
MBA296799/MBA;97;11/10/2016
MGU180277L/MGU;104;21/10/2016
MGU220854/MGU;82;17/08/2016
MLE230161H/MLE;77;01/04/2016
MLE231594K/MLE;129;01/04/2016
MLE231690E/MLE;99;01/04/2016
MLE232138I/MLE;94;01/04/2016
MLE232542D/MLE;104;01/04/2016
MLE233231F/MLE;106;01/04/2016
MLE293606H/MLE;78;07/07/2016
MLE293606I/MLE;82;01/07/2016
MLE295893J/MLE;100;10/08/2017
MLE300731E/MLE;93;06/09/2017
MLE306497G/MLE;110;18/08/2017
MLE307162C/MLE;92;18/08/2017
NBO087875I/NBO;86;22/05/2017
NBO158658/NBO;75;04/10/2016
NLE161259Z/NLE;85;21/08/2017
PCH092093B/PCH;117;13/02/2017
PRO302003A/PRO;65;21/02/2017
PRO302005A/PRO;89;21/02/2017
PTA309183A/TSC;103;20/10/2017
PTA309183B/PTA;97;23/10/2017
PTA309183E/PTA;95;30/10/2017
PTA309240/PTA;93;20/10/2017
PTA309241/PTA;90;20/10/2017
PTA309242/PTA;92;20/10/2017
PTA309243/PTA;77;20/10/2017
PTA309243D/PTA;76;30/10/2017
PTA309245/PTA;95;20/10/2017
PTA309548/PTA;104;02/11/2017
RFF105816AX/RVZ;91;12/05/2016
RFF163229BD/ABX;85;13/04/2017
RFF176081B/JDO;97;31/05/2016
RFF234586/RFF;69;20/04/2017
RFF234727/RFF;109;08/07/2016
RFF245697/RFF;74;24/04/2017
RVZ225202H/RVZ;97;03/02/2017
SCL200684B/SCL;91;12/10/2016
SCL245417G/SCL;93;29/07/2016
SCL245417I/SCL;89;29/07/2016
SCL245417L/SCL;89;01/08/2016
SCL245417M/SCL;89;01/08/2016
SCL267969J/SCL;111;11/10/2016
SEL182661AY/SEL;101;25/08/2017
SEL234866H/SEL;115;25/08/2017
SEL235935/SEL;101;24/05/2016
SEL235935A/SEL;101;24/05/2016
SEL293446A/SEL;84;01/07/2016
SEL293446A/SEL;84;09/10/2017
SKO163468D/SKO;95;06/09/2017
SLT182270I/SLT;117;16/08/2017
SWS021979GO/SWS;109;08/03/2016
SWS034742BS/SWS;93;05/10/2017
SWS034742E/SWS;98;05/10/2017
SWS035028EB/HHE;88;11/05/2016
SWS044742E/SWS;98;05/10/2017
SWS108148H/SWS;112;02/11/2017
SWS112193A/SWS;96;05/10/2017
SWS266752/SWS;92;06/10/2017
SWS296884AS/SWS;72;08/03/2017
SWS296884AW/SWS;72;10/03/2017
SWS296884AX/SWS;73;10/03/2017
SWS306756E/SWS;86;19/07/2017
SWS309565A/SWS;96;02/11/2017
SYL018145EJ/NLE;106;21/07/2017
SYL019349I/MAR;63;03/08/2017
SYL027490N/SYL;96;27/06/2017
SYL030539M/SYL;109;29/09/2016
SYL034748B/SYL;91;31/07/2017
SYL034748K/SYL;90;24/08/2016
SYL086953AB/SYL;113;11/07/2016
SYL088622AC/BIL;69;10/08/2017
SYL089218C/SYL;112;26/07/2017
SYL090580AQ/SYL;98;31/10/2017
SYL091376H/SYL;86;06/07/2017
SYL091518U/SYL;96;21/02/2017
SYL091943AB/SYL;87;30/05/2016
SYL091943C/SYL;79;31/07/2017
SYL091943I/SYL;65;30/03/2017
SYL091943R/SYL;81;12/06/2017
SYL092057AO/SYL;96;07/08/2017
SYL092185AR/SYL;75;07/06/2017
SYL092185BA/SYL;75;23/07/2017
SYL092510J/SYL;107;21/07/2017
SYL092511AJ/SYL;102;07/08/2017
SYL092511C/SYL;105;01/07/2016
SYL092511V/SYL;105;12/10/2017
SYL092512D/SYL;78;04/09/2017
SYL092512F/SYL;81;31/08/2017
SYL108129AC/SYL;107;23/06/2017
SYL108129AD/SYL;107;25/09/2017
SYL108129AE/SYL;106;25/09/2017
SYL109412AB/SYL;114;14/10/2016
SYL109412H/SYL;112;07/11/2016
SYL109412W/SYL;112;07/11/2016
SYL143328F/BPM;77;31/01/2017
SYL155408AE/SYL;96;07/09/2017
SYL155408AG/SYL;97;29/08/2017
SYL155408AG/SYL;96;25/10/2017
SYL158019AE/SYL;96;13/12/2016
SYL158019AG/SYL;111;14/10/2016
SYL158019AR/SYL;97;07/08/2017
SYL163201AC/SYL;58;30/03/2017
SYL163475U/SYL;98;27/07/2016
SYL163475Y/SYL;101;02/06/2017
SYL163796K/SYL;87;30/10/2017
SYL164298D/SYL;97;29/09/2016
SYL170225AA/SYL;101;06/07/2017
SYL170225AE/SYL;99;22/05/2017
SYL176120T/SYL;101;31/03/2016
SYL176120U/SYL;99;26/04/2016
SYL176120Z/SYL;102;20/01/2017
SYL177330AA/SYL;90;12/06/2017
SYL181295C/BPM;77;31/01/2017
SYL181504U/SYL;82;21/03/2017
SYL181504V/SYL;88;21/03/2017
SYL181526AE/SYL;102;13/10/2016
SYL181526AJ/SYL;109;02/06/2017
SYL181526D/SYL;80;25/08/2017
SYL181526T/SYL;78;04/09/2017
SYL182884L/SYL;129;14/10/2016
SYL182884O/SYL;120;14/11/2016
SYL182884P/SYL;122;10/01/2017
SYL182884Q/SYL;125;10/01/2017
SYL182884R/SYL;117;02/02/2017
SYL182884S/SYL;117;02/02/2017
SYL183258AA/SLT;100;04/09/2017
SYL203405A/SYL;113;10/08/2017
SYL203492F/SYL;91;09/08/2016
SYL214567B/BPM;88;30/01/2017
SYL215741AM/SYL;84;09/12/2016
SYL215741AN/SYL;86;09/12/2016
SYL215741AO/SYL;85;09/12/2016
SYL215741AP/SYL;86;09/12/2016
SYL217942F/SYL;143;14/10/2016
SYL218259AC/SYL;109;07/06/2017
SYL218259AD/SYL;108;07/06/2017
SYL220300N/SYL;101;31/03/2016
SYL221843B/SYL;91;10/08/2017
SYL222193I/SYL;101;12/06/2017
SYL223650T/SYL;73;08/07/2016
SYL223796D/SYL;50;25/08/2017
SYL223886/SYL;102;10/08/2017
SYL224129E/BPM;81;27/07/2016
SYL224366S/SYL;95;10/08/2017
SYL224393L/SYL;87;04/10/2016
SYL227681J/SYL;101;26/05/2017
SYL227681K/SYL;112;26/05/2017
SYL227681K/SYL;114;21/07/2017
SYL227681L/SYL;114;21/07/2017
SYL227897AA/SYL;71;26/10/2016
SYL227897Y/SYL;77;26/10/2016
SYL227986K/SYL;101;04/09/2017
SYL228327C/SYL;110;23/06/2017
SYL228327D/SYL;105;07/08/2017
SYL228382L/BIL;103;04/09/2017
SYL228490AA/SYL;78;30/05/2016
SYL228490D/SYL;53;07/07/2016
SYL228490Y/SYL;65;30/05/2016
SYL228753F/SYL;82;31/08/2017
SYL228864L/SYL;106;31/03/2016
SYL228864M/SYL;106;26/04/2016
SYL228864O/SYL;95;16/06/2017
SYL229479A/SYL;93;22/05/2017
SYL230210F/SYL;99;31/07/2017
SYL230507/SYL;70;26/07/2017
SYL230798F/SYL;74;07/11/2016
SYL230798H/SYL;83;14/11/2016
SYL230798I/SYL;83;17/11/2016
SYL230798J/SYL;86;17/11/2016
SYL230798K/SYL;85;17/11/2016
SYL230798L/SYL;86;17/11/2016
SYL231139AN/BIL;102;27/06/2017
SYL231139AX/BIL;83;04/09/2017
SYL231537F/SYL;108;04/05/2016
SYL231537I/SYL;102;25/07/2016
SYL231537L/SYL;94;25/07/2016
SYL231821/BPM;109;24/04/2017
SYL231823/BPM;112;21/08/2017
SYL231881C/SYL;86;07/06/2016
SYL231881D/SYL;96;08/08/2016
SYL232157/SYL;91;10/08/2017
SYL232608P/SYL;86;30/10/2017
SYL232726A/SYL;99;09/08/2016
SYL233198I/SYL;103;07/08/2017
SYL233277B/SYL;99;08/07/2016
SYL233379H/SYL;98;12/06/2017
SYL233511A/BPM;93;04/01/2017
SYL233511C/BPM;94;04/01/2017
SYL233735B/SYL;130;31/07/2017
SYL234852N/SYL;82;25/07/2016
SYL234852O/SYL;82;25/07/2016
SYL234899AZ/BIL;84;04/09/2017
SYL235054C/SYL;104;15/07/2016
SYL235100A/SYL;102;31/03/2016
SYL235102D/SYL;112;21/03/2017
SYL235140D/BIL;67;04/09/2017
SYL235168E/SYL;152;13/02/2017
SYL235168F/SYL;169;13/02/2017
SYL235196H/SYL;89;01/07/2016
SYL235196T/SYL;104;07/08/2017
SYL235398H/SYL;81;29/03/2016
SYL235483/SYL;103;10/08/2017
SYL245372D/SYL;62;17/06/2016
SYL245372E/SYL;61;30/05/2016
SYL245585L/SYL;113;07/08/2017
SYL267448B/SYL;78;31/05/2016
SYL267448D/SYL;80;10/07/2017
SYL267448E/SYL;80;10/07/2017
SYL295754A/SYL;78;16/09/2016
SYL295754F/SYL;72;05/10/2016
SYL295783E/SYL;93;29/09/2016
SYL295812E/SYL;94;29/09/2016
SYL295812H/SYL;97;26/10/2017
SYL295812T/SYL;105;07/08/2017
SYL295812Y/SYL;92;30/10/2017
SYL297976B/SYL;133;14/10/2016
SYL297976C/SYL;126;14/11/2016
SYL297976E/SYL;121;14/11/2016
SYL300706C/SYL;106;08/11/2016
SYL300706D/SYL;104;08/11/2016
SYL305911T/SDU;95;10/08/2017
SYL306036C/SYL;104;23/06/2017
SYL307170N/MAG;96;18/08/2017
SYL307170Q/MAG;95;30/10/2017
SYL307300C/SYL;105;07/08/2017
SYL308265C/SYL;106;26/10/2017
SYL308651D/MAG;87;03/10/2017
SYL308651E/MAG;88;03/10/2017
SYL308651F/MAG;87;03/10/2017
SYL308651G/MAG;88;03/10/2017
SYL308651H/MAG;87;03/10/2017
SYL308651J/MAG;88;02/11/2017
SYL308651K/MAG;88;02/11/2017
SYL308651L/MAG;88;02/11/2017
SYL308651M/MAG;88;02/11/2017
TAK011920CB/TAK;64;13/06/2017
TAK013406AV/TAK;78;27/10/2016
TAK024048J/TAK;65;11/10/2016
TAK027901AN/TAK;87;11/10/2016
TAK028527G/TAK;70;18/08/2017
TAK028527H/TAK;70;01/09/2017
TAK036550B/TAK;70;27/04/2017
TAK036550BO/TAK;73;28/04/2017
TAK036550BR/TAK;75;31/05/2017
TAK036550BS/TAK;72;21/07/2017
TAK036603CV/TAK;87;21/11/2016
TAK079638M/TAK;74;18/08/2017
TAK079638S/TAK;75;21/08/2017
TAK079638X/TAK;75;01/09/2017
TAK079672AE/TAK;106;27/04/2017
TAK079672AF/TAK;108;31/05/2017
TAK079672AJ/TAK;100;21/07/2017
TAK079699C/TAK;80;20/09/2017
TAK079699H/TAK;83;10/10/2017
TEN011768BD/TEN;77;10/10/2017
TEN011929AU/TEN;113;24/10/2017
TEN013536CX/TEN;85;05/10/2016
TEN014337N/TEN;92;11/10/2016
TEN014422U/TEN;115;28/09/2016
TEN014422V/TEN;117;05/10/2016
TEN015267ER/TEN;80;24/10/2016
TEN015267GQ/TEN;81;19/07/2017
TEN020916AP/TEN;82;20/09/2017
TEN028473AS/TEN;101;24/10/2016
TEN028473AT/TEN;107;26/10/2016
TEN028790AG/TEN;88;28/11/2016
TEN029697AN/TEN;82;24/10/2016
TEN030731NQ/FJJ;105;09/05/2017
TEN030731OP/FJJ;102;31/05/2017
TEN031178AA/TEN;88;27/06/2016
TEN031178AB/TEN;89;30/06/2016
TEN031178AC/TEN;89;06/07/2016
TEN031178AD/TEN;75;21/11/2016
TEN031178X/TEN;87;15/06/2016
TEN032563BA/TEN;108;25/10/2016
TEN035059D/TEN;101;24/10/2017
TEN044036AI/TEN;83;10/10/2017
TEN044046AC/TEN;94;05/10/2016
TEN044118H/TEN;92;26/05/2017
TEN044119A/TEN;106;28/09/2016
TEN044181AD/TEN;116;02/03/2017
TEN044181Q/TEN;84;26/10/2017
TEN044181U/TEN;116;03/05/2016
TEN044251E/TEN;92;28/03/2017
TEN044255G/TEN;83;10/10/2017
TEN044257AB/TEN;77;28/07/2016
TEN044257AC/TEN;80;27/07/2016
TEN044257AD/TEN;81;02/08/2016
TEN044257AE/TEN;78;02/08/2016
TEN044257AF/TEN;76;04/08/2016
TEN044257AG/TEN;74;04/08/2016
TEN044306BA/TEN;87;10/10/2017
TEN044367L/TEN;91;10/05/2016
TEN044367M/TEN;92;22/07/2016
TEN044367O/TEN;93;05/10/2016
TEN044465M/TEN;136;06/09/2015
TEN044465Q/TEN;134;03/05/2016
TEN044465U/TEN;131;14/06/2016
TEN044465V/TEN;115;14/06/2016
TEN044465W/TEN;113;15/06/2016
TEN044465X/TEN;117;15/06/2016
TEN044479AP/TEN;88;22/07/2016
TEN044536B/TEN;84;02/06/2016
TEN044536C/TEN;86;07/06/2016
TEN044725A/TEN;87;23/08/2017
TEN044851AG/TEN;67;19/01/2017
TEN044851AI/TEN;62;19/01/2017
TEN044851AK/TEN;66;23/01/2017
TEN044851AL/TEN;66;23/01/2017
TEN044957AV/TEN;101;05/05/2017
TEN045101I/TEN;112;22/07/2016
TEN045161B/TEN;108;25/10/2016
TEN183283S/TEN;74;27/07/2016
TEN200878B/TEN;112;22/07/2016
TEN292888D/TEN;107;22/07/2016
TEN292888P/TEN;106;12/10/2016
TEN292935D/TEN;96;19/05/2017
TEN292935E/TEN;96;19/05/2017
TEN294317C/TEN;102;22/07/2016
TEN294424A/TEN;119;22/07/2016
TEN294424C/TEN;121;19/08/2016
TEN300913/TEN;100;24/10/2016
TEN300913B/TEN;100;26/10/2016
VDA148897A/VDA;99;03/11/2017
