[{"pk": 24, "model": "contenttypes.contenttype", "fields": {"model": "contenant", "name": "contenant", "app_label": "stock_labo"}}, {"pk": 23, "model": "contenttypes.contenttype", "fields": {"model": "contenanttype", "name": "contenant type", "app_label": "stock_labo"}}, {"pk": 4, "model": "contenttypes.contenttype", "fields": {"model": "contenttype", "name": "content type", "app_label": "contenttypes"}}, {"pk": 26, "model": "contenttypes.contenttype", "fields": {"model": "droits_fonctions", "name": "droits_fonctions", "app_label": "stock_labo"}}, {"pk": 2, "model": "contenttypes.contenttype", "fields": {"model": "group", "name": "group", "app_label": "auth"}}, {"pk": 18, "model": "contenttypes.contenttype", "fields": {"model": "impression", "name": "impression", "app_label": "stock_labo"}}, {"pk": 20, "model": "contenttypes.contenttype", "fields": {"model": "impressiondetail", "name": "impression detail", "app_label": "stock_labo"}}, {"pk": 19, "model": "contenttypes.contenttype", "fields": {"model": "impressionimprimante", "name": "impression imprimante", "app_label": "stock_labo"}}, {"pk": 25, "model": "contenttypes.contenttype", "fields": {"model": "log", "name": "log", "app_label": "stock_labo"}}, {"pk": 7, "model": "contenttypes.contenttype", "fields": {"model": "logentry", "name": "log entry", "app_label": "admin"}}, {"pk": 13, "model": "contenttypes.contenttype", "fields": {"model": "nomenclature", "name": "nomenclature", "app_label": "stock_labo"}}, {"pk": 14, "model": "contenttypes.contenttype", "fields": {"model": "nomenclaturelot", "name": "nomenclature lot", "app_label": "stock_labo"}}, {"pk": 15, "model": "contenttypes.contenttype", "fields": {"model": "nomenclaturelotinfo", "name": "nomenclature lot info", "app_label": "stock_labo"}}, {"pk": 16, "model": "contenttypes.contenttype", "fields": {"model": "nomenclaturelotingredient", "name": "nomenclature lot ingredient", "app_label": "stock_labo"}}, {"pk": 17, "model": "contenttypes.contenttype", "fields": {"model": "nomenclaturelotingredientdosage", "name": "nomenclature lot ingredient dosage", "app_label": "stock_labo"}}, {"pk": 12, "model": "contenttypes.contenttype", "fields": {"model": "nomenclaturetype", "name": "nomenclature type", "app_label": "stock_labo"}}, {"pk": 1, "model": "contenttypes.contenttype", "fields": {"model": "permission", "name": "permission", "app_label": "auth"}}, {"pk": 5, "model": "contenttypes.contenttype", "fields": {"model": "session", "name": "session", "app_label": "sessions"}}, {"pk": 6, "model": "contenttypes.contenttype", "fields": {"model": "site", "name": "site", "app_label": "sites"}}, {"pk": 11, "model": "contenttypes.contenttype", "fields": {"model": "siteentrepotmagasin", "name": "site entrepot magasin", "app_label": "stock_labo"}}, {"pk": 9, "model": "contenttypes.contenttype", "fields": {"model": "stockentrepot", "name": "stock entrepot", "app_label": "stock_labo"}}, {"pk": 10, "model": "contenttypes.contenttype", "fields": {"model": "stockmagasin", "name": "stock magasin", "app_label": "stock_labo"}}, {"pk": 8, "model": "contenttypes.contenttype", "fields": {"model": "stocksite", "name": "stock site", "app_label": "stock_labo"}}, {"pk": 21, "model": "contenttypes.contenttype", "fields": {"model": "unitmasse", "name": "unit masse", "app_label": "stock_labo"}}, {"pk": 3, "model": "contenttypes.contenttype", "fields": {"model": "user", "name": "user", "app_label": "auth"}}, {"pk": 22, "model": "contenttypes.contenttype", "fields": {"model": "userpreference", "name": "user preference", "app_label": "stock_labo"}}, {"pk": "29611ae4980c8beaa262734f89d0d754", "model": "sessions.session", "fields": {"expire_date": "2015-11-29T11:54:56Z", "session_data": "YTBkNzdiODBiMjc5ZDZjMjI5ODNhNzVjZjhmZWJiNWM4NmRhMDk0MDqAAn1xAShVEl9hdXRoX3Vz\nZXJfYmFja2VuZHECVSlkamFuZ28uY29udHJpYi5hdXRoLmJhY2tlbmRzLk1vZGVsQmFja2VuZHED\nVQ1fYXV0aF91c2VyX2lkcQSKAQF1Lg==\n"}}, {"pk": 1, "model": "sites.site", "fields": {"domain": "eu.takasago.com", "name": "Takasago europe"}}, {"pk": 1, "model": "stock_labo.stocksite", "fields": {"code": "??", "description": "Site inconnu"}}, {"pk": 4, "model": "stock_labo.stocksite", "fields": {"code": "par", "description": "Takasago Paris"}}, {"pk": 2, "model": "stock_labo.stocksite", "fields": {"code": "ST", "description": "Site de test"}}, {"pk": 3, "model": "stock_labo.stocksite", "fields": {"code": "sto", "description": "Takasago STO"}}, {"pk": 1, "model": "stock_labo.stockentrepot", "fields": {"code": "??", "description": "Entrepot inconnu"}}, {"pk": 2, "model": "stock_labo.stockentrepot", "fields": {"code": "ET", "description": "Entrepot de test"}}, {"pk": 3, "model": "stock_labo.stockentrepot", "fields": {"code": "L3", "description": "Labo 3eme \u00c9tage"}}, {"pk": 4, "model": "stock_labo.stockentrepot", "fields": {"code": "L4", "description": "Labo 4"}}, {"pk": 5, "model": "stock_labo.stockentrepot", "fields": {"code": "L5", "description": "Labo 5"}}, {"pk": 1, "model": "stock_labo.stockmagasin", "fields": {"code": "??", "stock_magasin_type": 10, "description": "Magasin inconnu"}}, {"pk": 3, "model": "stock_labo.stockmagasin", "fields": {"code": "A1", "stock_magasin_type": 10, "description": "Armoire 1"}}, {"pk": 4, "model": "stock_labo.stockmagasin", "fields": {"code": "A2", "stock_magasin_type": 10, "description": "Armoire 2"}}, {"pk": 5, "model": "stock_labo.stockmagasin", "fields": {"code": "ALE", "stock_magasin_type": 10, "description": "AL Etag\u00e8re"}}, {"pk": 6, "model": "stock_labo.stockmagasin", "fields": {"code": "ALP", "stock_magasin_type": 10, "description": "AL Paillasse"}}, {"pk": 7, "model": "stock_labo.stockmagasin", "fields": {"code": "LS", "stock_magasin_type": 10, "description": "Labo Sec"}}, {"pk": 2, "model": "stock_labo.stockmagasin", "fields": {"code": "MT", "stock_magasin_type": 10, "description": "Magasin de test"}}, {"pk": 15, "model": "stock_labo.stockmagasin", "fields": {"code": "P1", "stock_magasin_type": 30, "description": "Poste 1"}}, {"pk": 16, "model": "stock_labo.stockmagasin", "fields": {"code": "P2", "stock_magasin_type": 30, "description": "Poste 2"}}, {"pk": 17, "model": "stock_labo.stockmagasin", "fields": {"code": "P3", "stock_magasin_type": 30, "description": "Poste 3"}}, {"pk": 18, "model": "stock_labo.stockmagasin", "fields": {"code": "P4", "stock_magasin_type": 30, "description": "Poste 4"}}, {"pk": 19, "model": "stock_labo.stockmagasin", "fields": {"code": "P5", "stock_magasin_type": 30, "description": "Poste 5"}}, {"pk": 20, "model": "stock_labo.stockmagasin", "fields": {"code": "P6", "stock_magasin_type": 10, "description": "Poste 6"}}, {"pk": 21, "model": "stock_labo.stockmagasin", "fields": {"code": "P7", "stock_magasin_type": 30, "description": "Poste 7"}}, {"pk": 22, "model": "stock_labo.stockmagasin", "fields": {"code": "P8", "stock_magasin_type": 30, "description": "Poste 8"}}, {"pk": 23, "model": "stock_labo.stockmagasin", "fields": {"code": "P9", "stock_magasin_type": 30, "description": "Poste 9"}}, {"pk": 8, "model": "stock_labo.stockmagasin", "fields": {"code": "S", "stock_magasin_type": 10, "description": "Stock"}}, {"pk": 9, "model": "stock_labo.stockmagasin", "fields": {"code": "SA", "stock_magasin_type": 10, "description": "Stock ambiant"}}, {"pk": 10, "model": "stock_labo.stockmagasin", "fields": {"code": "SC", "stock_magasin_type": 10, "description": "Stockage chaud"}}, {"pk": 11, "model": "stock_labo.stockmagasin", "fields": {"code": "SF", "stock_magasin_type": 10, "description": "Stockage froid"}}, {"pk": 12, "model": "stock_labo.stockmagasin", "fields": {"code": "SLE", "stock_magasin_type": 10, "description": "SL Etag\u00e8res"}}, {"pk": 13, "model": "stock_labo.stockmagasin", "fields": {"code": "SLF", "stock_magasin_type": 10, "description": "SL Filiales"}}, {"pk": 14, "model": "stock_labo.stockmagasin", "fields": {"code": "SLP", "stock_magasin_type": 10, "description": "SL Paillasse"}}, {"pk": 1, "model": "stock_labo.siteentrepotmagasin", "fields": {"entrepot": 3, "site": 4, "magasin": 3}}, {"pk": 2, "model": "stock_labo.siteentrepotmagasin", "fields": {"entrepot": 3, "site": 4, "magasin": 4}}, {"pk": 3, "model": "stock_labo.siteentrepotmagasin", "fields": {"entrepot": 4, "site": 4, "magasin": 8}}, {"pk": 4, "model": "stock_labo.siteentrepotmagasin", "fields": {"entrepot": 4, "site": 4, "magasin": 9}}, {"pk": 5, "model": "stock_labo.siteentrepotmagasin", "fields": {"entrepot": 4, "site": 4, "magasin": 10}}, {"pk": 6, "model": "stock_labo.siteentrepotmagasin", "fields": {"entrepot": 4, "site": 4, "magasin": 11}}, {"pk": 7, "model": "stock_labo.siteentrepotmagasin", "fields": {"entrepot": 4, "site": 4, "magasin": 12}}, {"pk": 8, "model": "stock_labo.siteentrepotmagasin", "fields": {"entrepot": 4, "site": 4, "magasin": 13}}, {"pk": 9, "model": "stock_labo.siteentrepotmagasin", "fields": {"entrepot": 4, "site": 4, "magasin": 14}}, {"pk": 10, "model": "stock_labo.siteentrepotmagasin", "fields": {"entrepot": 5, "site": 4, "magasin": 5}}, {"pk": 11, "model": "stock_labo.siteentrepotmagasin", "fields": {"entrepot": 5, "site": 4, "magasin": 6}}, {"pk": 12, "model": "stock_labo.siteentrepotmagasin", "fields": {"entrepot": 5, "site": 4, "magasin": 7}}, {"pk": 3, "model": "stock_labo.impression", "fields": {"imp_auto": true, "description": "Etiquette Article 50x30", "etiquette_format": 1}}, {"pk": 1, "model": "stock_labo.impression", "fields": {"imp_auto": true, "description": "Etiquette Contenant 50x30", "etiquette_format": 1}}, {"pk": 5, "model": "stock_labo.impression", "fields": {"imp_auto": true, "description": "Etiquette Emplacement 50x30", "etiquette_format": 1}}, {"pk": 4, "model": "stock_labo.impression", "fields": {"imp_auto": true, "description": "Etiquette Login 50x30", "etiquette_format": 1}}, {"pk": 2, "model": "stock_labo.impression", "fields": {"imp_auto": true, "description": "Etiquette Lot 50x30", "etiquette_format": 1}}, {"pk": 1, "model": "stock_labo.impressionimprimante", "fields": {"imprimante_port": "socket://172.25.5.141:9100", "longueur": 20, "largeur": 50, "resolution": 300, "description": "Imprimente de test"}}, {"pk": 4, "model": "stock_labo.unitmasse", "fields": {"facteur": 0.001, "code": "kg", "description": "Kilo-gramme"}}, {"pk": 6, "model": "stock_labo.unitmasse", "fields": {"facteur": 0.00268, "code": "P", "description": "Pound"}}, {"pk": 1, "model": "stock_labo.unitmasse", "fields": {"facteur": 1.0, "code": "g", "description": "Gramme"}}, {"pk": 2, "model": "stock_labo.unitmasse", "fields": {"facteur": 1000.0, "code": "mg", "description": "Mili-gramme"}}, {"pk": 3, "model": "stock_labo.unitmasse", "fields": {"facteur": 1000000.0, "code": "ug", "description": "Micro-gramme"}}, {"pk": 5, "model": "stock_labo.unitmasse", "fields": {"facteur": 1000000.0, "code": "T", "description": "Tone"}}, {"pk": 1, "model": "stock_labo.contenanttype", "fields": {"capacite": 0.0, "code": "??", "description": "Type inconnu", "tare": 0.0}}, {"pk": 2, "model": "stock_labo.contenanttype", "fields": {"capacite": 30.0, "code": "A01", "description": "Alus 0.038L", "tare": 30.0}}, {"pk": 3, "model": "stock_labo.contenanttype", "fields": {"capacite": 50.0, "code": "A02", "description": "Alus 0.063L", "tare": 50.0}}, {"pk": 4, "model": "stock_labo.contenanttype", "fields": {"capacite": 100.0, "code": "A03", "description": "Alus 0.125L", "tare": 100.0}}, {"pk": 5, "model": "stock_labo.contenanttype", "fields": {"capacite": 250.0, "code": "A04", "description": "Alus 0.315L", "tare": 250.0}}, {"pk": 6, "model": "stock_labo.contenanttype", "fields": {"capacite": 500.0, "code": "A05", "description": "Alus 0.625L", "tare": 500.0}}, {"pk": 7, "model": "stock_labo.contenanttype", "fields": {"capacite": 1000.0, "code": "A06", "description": "Alus 1.250L", "tare": 1000.0}}, {"pk": 8, "model": "stock_labo.contenanttype", "fields": {"capacite": 2000.0, "code": "A07", "description": "Alus 2.500L", "tare": 2000.0}}, {"pk": 9, "model": "stock_labo.contenanttype", "fields": {"capacite": 5000.0, "code": "A08", "description": "Alus 6.250L", "tare": 5000.0}}, {"pk": 10, "model": "stock_labo.contenanttype", "fields": {"capacite": 10000.0, "code": "A09", "description": "Alus 12.500L", "tare": 10000.0}}, {"pk": 11, "model": "stock_labo.contenanttype", "fields": {"capacite": 5.0, "code": "V5", "description": "Verre 5g", "tare": 5.0}}, {"pk": 12, "model": "stock_labo.contenanttype", "fields": {"capacite": 10.0, "code": "V10", "description": "Verre 10g", "tare": 10.0}}, {"pk": 13, "model": "stock_labo.contenanttype", "fields": {"capacite": 25.0, "code": "V30", "description": "Verre 30g", "tare": 25.0}}, {"pk": 14, "model": "stock_labo.contenanttype", "fields": {"capacite": 50.0, "code": "V60", "description": "Verre 60g", "tare": 50.0}}, {"pk": 15, "model": "stock_labo.contenanttype", "fields": {"capacite": 100.0, "code": "V125", "description": "Verre 125g", "tare": 100.0}}, {"pk": 16, "model": "stock_labo.contenanttype", "fields": {"capacite": 200.0, "code": "V250", "description": "Verre 250g", "tare": 200.0}}, {"pk": 19, "model": "auth.permission", "fields": {"codename": "add_logentry", "name": "Can add log entry", "content_type": 7}}, {"pk": 20, "model": "auth.permission", "fields": {"codename": "change_logentry", "name": "Can change log entry", "content_type": 7}}, {"pk": 21, "model": "auth.permission", "fields": {"codename": "delete_logentry", "name": "Can delete log entry", "content_type": 7}}, {"pk": 4, "model": "auth.permission", "fields": {"codename": "add_group", "name": "Can add group", "content_type": 2}}, {"pk": 5, "model": "auth.permission", "fields": {"codename": "change_group", "name": "Can change group", "content_type": 2}}, {"pk": 6, "model": "auth.permission", "fields": {"codename": "delete_group", "name": "Can delete group", "content_type": 2}}, {"pk": 1, "model": "auth.permission", "fields": {"codename": "add_permission", "name": "Can add permission", "content_type": 1}}, {"pk": 2, "model": "auth.permission", "fields": {"codename": "change_permission", "name": "Can change permission", "content_type": 1}}, {"pk": 3, "model": "auth.permission", "fields": {"codename": "delete_permission", "name": "Can delete permission", "content_type": 1}}, {"pk": 7, "model": "auth.permission", "fields": {"codename": "add_user", "name": "Can add user", "content_type": 3}}, {"pk": 8, "model": "auth.permission", "fields": {"codename": "change_user", "name": "Can change user", "content_type": 3}}, {"pk": 9, "model": "auth.permission", "fields": {"codename": "delete_user", "name": "Can delete user", "content_type": 3}}, {"pk": 10, "model": "auth.permission", "fields": {"codename": "add_contenttype", "name": "Can add content type", "content_type": 4}}, {"pk": 11, "model": "auth.permission", "fields": {"codename": "change_contenttype", "name": "Can change content type", "content_type": 4}}, {"pk": 12, "model": "auth.permission", "fields": {"codename": "delete_contenttype", "name": "Can delete content type", "content_type": 4}}, {"pk": 13, "model": "auth.permission", "fields": {"codename": "add_session", "name": "Can add session", "content_type": 5}}, {"pk": 14, "model": "auth.permission", "fields": {"codename": "change_session", "name": "Can change session", "content_type": 5}}, {"pk": 15, "model": "auth.permission", "fields": {"codename": "delete_session", "name": "Can delete session", "content_type": 5}}, {"pk": 16, "model": "auth.permission", "fields": {"codename": "add_site", "name": "Can add site", "content_type": 6}}, {"pk": 17, "model": "auth.permission", "fields": {"codename": "change_site", "name": "Can change site", "content_type": 6}}, {"pk": 18, "model": "auth.permission", "fields": {"codename": "delete_site", "name": "Can delete site", "content_type": 6}}, {"pk": 70, "model": "auth.permission", "fields": {"codename": "add_contenant", "name": "Can add contenant", "content_type": 24}}, {"pk": 71, "model": "auth.permission", "fields": {"codename": "change_contenant", "name": "Can change contenant", "content_type": 24}}, {"pk": 72, "model": "auth.permission", "fields": {"codename": "delete_contenant", "name": "Can delete contenant", "content_type": 24}}, {"pk": 67, "model": "auth.permission", "fields": {"codename": "add_contenanttype", "name": "Can add contenant type", "content_type": 23}}, {"pk": 68, "model": "auth.permission", "fields": {"codename": "change_contenanttype", "name": "Can change contenant type", "content_type": 23}}, {"pk": 69, "model": "auth.permission", "fields": {"codename": "delete_contenanttype", "name": "Can delete contenant type", "content_type": 23}}, {"pk": 76, "model": "auth.permission", "fields": {"codename": "add_droits_fonctions", "name": "Can add droits_fonctions", "content_type": 26}}, {"pk": 79, "model": "auth.permission", "fields": {"codename": "article", "name": "Article", "content_type": 26}}, {"pk": 77, "model": "auth.permission", "fields": {"codename": "change_droits_fonctions", "name": "Can change droits_fonctions", "content_type": 26}}, {"pk": 78, "model": "auth.permission", "fields": {"codename": "delete_droits_fonctions", "name": "Can delete droits_fonctions", "content_type": 26}}, {"pk": 85, "model": "auth.permission", "fields": {"codename": "import", "name": "Import", "content_type": 26}}, {"pk": 81, "model": "auth.permission", "fields": {"codename": "mouvement", "name": "Mouvement", "content_type": 26}}, {"pk": 82, "model": "auth.permission", "fields": {"codename": "panier", "name": "Panier", "content_type": 26}}, {"pk": 84, "model": "auth.permission", "fields": {"codename": "param_perso", "name": "Mes Param\u00e8tres", "content_type": 26}}, {"pk": 86, "model": "auth.permission", "fields": {"codename": "reception", "name": "R\u00e9ception", "content_type": 26}}, {"pk": 80, "model": "auth.permission", "fields": {"codename": "recherche", "name": "Recherche", "content_type": 26}}, {"pk": 83, "model": "auth.permission", "fields": {"codename": "stock_perso", "name": "Stock de travail", "content_type": 26}}, {"pk": 52, "model": "auth.permission", "fields": {"codename": "add_impression", "name": "Can add impression", "content_type": 18}}, {"pk": 53, "model": "auth.permission", "fields": {"codename": "change_impression", "name": "Can change impression", "content_type": 18}}, {"pk": 54, "model": "auth.permission", "fields": {"codename": "delete_impression", "name": "Can delete impression", "content_type": 18}}, {"pk": 58, "model": "auth.permission", "fields": {"codename": "add_impressiondetail", "name": "Can add impression detail", "content_type": 20}}, {"pk": 59, "model": "auth.permission", "fields": {"codename": "change_impressiondetail", "name": "Can change impression detail", "content_type": 20}}, {"pk": 60, "model": "auth.permission", "fields": {"codename": "delete_impressiondetail", "name": "Can delete impression detail", "content_type": 20}}, {"pk": 55, "model": "auth.permission", "fields": {"codename": "add_impressionimprimante", "name": "Can add impression imprimante", "content_type": 19}}, {"pk": 56, "model": "auth.permission", "fields": {"codename": "change_impressionimprimante", "name": "Can change impression imprimante", "content_type": 19}}, {"pk": 57, "model": "auth.permission", "fields": {"codename": "delete_impressionimprimante", "name": "Can delete impression imprimante", "content_type": 19}}, {"pk": 73, "model": "auth.permission", "fields": {"codename": "add_log", "name": "Can add log", "content_type": 25}}, {"pk": 74, "model": "auth.permission", "fields": {"codename": "change_log", "name": "Can change log", "content_type": 25}}, {"pk": 75, "model": "auth.permission", "fields": {"codename": "delete_log", "name": "Can delete log", "content_type": 25}}, {"pk": 37, "model": "auth.permission", "fields": {"codename": "add_nomenclature", "name": "Can add nomenclature", "content_type": 13}}, {"pk": 38, "model": "auth.permission", "fields": {"codename": "change_nomenclature", "name": "Can change nomenclature", "content_type": 13}}, {"pk": 39, "model": "auth.permission", "fields": {"codename": "delete_nomenclature", "name": "Can delete nomenclature", "content_type": 13}}, {"pk": 40, "model": "auth.permission", "fields": {"codename": "add_nomenclaturelot", "name": "Can add nomenclature lot", "content_type": 14}}, {"pk": 41, "model": "auth.permission", "fields": {"codename": "change_nomenclaturelot", "name": "Can change nomenclature lot", "content_type": 14}}, {"pk": 42, "model": "auth.permission", "fields": {"codename": "delete_nomenclaturelot", "name": "Can delete nomenclature lot", "content_type": 14}}, {"pk": 43, "model": "auth.permission", "fields": {"codename": "add_nomenclaturelotinfo", "name": "Can add nomenclature lot info", "content_type": 15}}, {"pk": 44, "model": "auth.permission", "fields": {"codename": "change_nomenclaturelotinfo", "name": "Can change nomenclature lot info", "content_type": 15}}, {"pk": 45, "model": "auth.permission", "fields": {"codename": "delete_nomenclaturelotinfo", "name": "Can delete nomenclature lot info", "content_type": 15}}, {"pk": 46, "model": "auth.permission", "fields": {"codename": "add_nomenclaturelotingredient", "name": "Can add nomenclature lot ingredient", "content_type": 16}}, {"pk": 47, "model": "auth.permission", "fields": {"codename": "change_nomenclaturelotingredient", "name": "Can change nomenclature lot ingredient", "content_type": 16}}, {"pk": 48, "model": "auth.permission", "fields": {"codename": "delete_nomenclaturelotingredient", "name": "Can delete nomenclature lot ingredient", "content_type": 16}}, {"pk": 49, "model": "auth.permission", "fields": {"codename": "add_nomenclaturelotingredientdosage", "name": "Can add nomenclature lot ingredient dosage", "content_type": 17}}, {"pk": 50, "model": "auth.permission", "fields": {"codename": "change_nomenclaturelotingredientdosage", "name": "Can change nomenclature lot ingredient dosage", "content_type": 17}}, {"pk": 51, "model": "auth.permission", "fields": {"codename": "delete_nomenclaturelotingredientdosage", "name": "Can delete nomenclature lot ingredient dosage", "content_type": 17}}, {"pk": 34, "model": "auth.permission", "fields": {"codename": "add_nomenclaturetype", "name": "Can add nomenclature type", "content_type": 12}}, {"pk": 35, "model": "auth.permission", "fields": {"codename": "change_nomenclaturetype", "name": "Can change nomenclature type", "content_type": 12}}, {"pk": 36, "model": "auth.permission", "fields": {"codename": "delete_nomenclaturetype", "name": "Can delete nomenclature type", "content_type": 12}}, {"pk": 31, "model": "auth.permission", "fields": {"codename": "add_siteentrepotmagasin", "name": "Can add site entrepot magasin", "content_type": 11}}, {"pk": 32, "model": "auth.permission", "fields": {"codename": "change_siteentrepotmagasin", "name": "Can change site entrepot magasin", "content_type": 11}}, {"pk": 33, "model": "auth.permission", "fields": {"codename": "delete_siteentrepotmagasin", "name": "Can delete site entrepot magasin", "content_type": 11}}, {"pk": 25, "model": "auth.permission", "fields": {"codename": "add_stockentrepot", "name": "Can add stock entrepot", "content_type": 9}}, {"pk": 26, "model": "auth.permission", "fields": {"codename": "change_stockentrepot", "name": "Can change stock entrepot", "content_type": 9}}, {"pk": 27, "model": "auth.permission", "fields": {"codename": "delete_stockentrepot", "name": "Can delete stock entrepot", "content_type": 9}}, {"pk": 28, "model": "auth.permission", "fields": {"codename": "add_stockmagasin", "name": "Can add stock magasin", "content_type": 10}}, {"pk": 29, "model": "auth.permission", "fields": {"codename": "change_stockmagasin", "name": "Can change stock magasin", "content_type": 10}}, {"pk": 30, "model": "auth.permission", "fields": {"codename": "delete_stockmagasin", "name": "Can delete stock magasin", "content_type": 10}}, {"pk": 22, "model": "auth.permission", "fields": {"codename": "add_stocksite", "name": "Can add stock site", "content_type": 8}}, {"pk": 23, "model": "auth.permission", "fields": {"codename": "change_stocksite", "name": "Can change stock site", "content_type": 8}}, {"pk": 24, "model": "auth.permission", "fields": {"codename": "delete_stocksite", "name": "Can delete stock site", "content_type": 8}}, {"pk": 61, "model": "auth.permission", "fields": {"codename": "add_unitmasse", "name": "Can add unit masse", "content_type": 21}}, {"pk": 62, "model": "auth.permission", "fields": {"codename": "change_unitmasse", "name": "Can change unit masse", "content_type": 21}}, {"pk": 63, "model": "auth.permission", "fields": {"codename": "delete_unitmasse", "name": "Can delete unit masse", "content_type": 21}}, {"pk": 64, "model": "auth.permission", "fields": {"codename": "add_userpreference", "name": "Can add user preference", "content_type": 22}}, {"pk": 65, "model": "auth.permission", "fields": {"codename": "change_userpreference", "name": "Can change user preference", "content_type": 22}}, {"pk": 66, "model": "auth.permission", "fields": {"codename": "delete_userpreference", "name": "Can delete user preference", "content_type": 22}}, {"pk": 1, "model": "auth.group", "fields": {"name": "operateur", "permissions": [79, 81, 82, 86, 80, 83]}}, {"pk": 1, "model": "auth.user", "fields": {"username": "gontero", "first_name": "Charly", "last_name": "GONTERO", "is_active": true, "is_superuser": true, "is_staff": true, "last_login": "2015-11-15T11:54:56Z", "groups": [], "user_permissions": [], "password": "pbkdf2_sha256$10000$HWlbAR62tv8B$Nhqk/iKJ+4FPyRZT15cN7mXUQF7I+z9jnyR3IFR7H2E=", "email": "charly.gontero@linautom.fr", "date_joined": "2015-11-15T11:49:23Z"}}, {"pk": 88, "model": "admin.logentry", "fields": {"action_flag": 1, "action_time": "2015-11-15T13:12:37Z", "object_repr": "[par-L5-LS] Takasago Paris Labo 5 Labo Sec", "object_id": "12", "change_message": "", "user": 1, "content_type": 11}}, {"pk": 87, "model": "admin.logentry", "fields": {"action_flag": 1, "action_time": "2015-11-15T13:12:23Z", "object_repr": "[par-L5-ALP] Takasago Paris Labo 5 AL Paillasse", "object_id": "11", "change_message": "", "user": 1, "content_type": 11}}, {"pk": 86, "model": "admin.logentry", "fields": {"action_flag": 1, "action_time": "2015-11-15T13:12:15Z", "object_repr": "[par-L5-ALE] Takasago Paris Labo 5 AL Etag\u00e8re", "object_id": "10", "change_message": "", "user": 1, "content_type": 11}}, {"pk": 85, "model": "admin.logentry", "fields": {"action_flag": 1, "action_time": "2015-11-15T13:11:39Z", "object_repr": "[par-L4-SLP] Takasago Paris Labo 4 SL Paillasse", "object_id": "9", "change_message": "", "user": 1, "content_type": 11}}, {"pk": 84, "model": "admin.logentry", "fields": {"action_flag": 1, "action_time": "2015-11-15T13:11:28Z", "object_repr": "[par-L4-SLF] Takasago Paris Labo 4 SL Filiales", "object_id": "8", "change_message": "", "user": 1, "content_type": 11}}, {"pk": 83, "model": "admin.logentry", "fields": {"action_flag": 1, "action_time": "2015-11-15T13:11:19Z", "object_repr": "[par-L4-SLE] Takasago Paris Labo 4 SL Etag\u00e8res", "object_id": "7", "change_message": "", "user": 1, "content_type": 11}}, {"pk": 82, "model": "admin.logentry", "fields": {"action_flag": 2, "action_time": "2015-11-15T13:10:51Z", "object_repr": "[par-L4-SF] Takasago Paris Labo 4 Stockage froid", "object_id": "6", "change_message": "Modifi\u00e9 entrepot.", "user": 1, "content_type": 11}}, {"pk": 81, "model": "admin.logentry", "fields": {"action_flag": 2, "action_time": "2015-11-15T13:10:44Z", "object_repr": "[par-L4-SC] Takasago Paris Labo 4 Stockage chaud", "object_id": "5", "change_message": "Modifi\u00e9 entrepot.", "user": 1, "content_type": 11}}, {"pk": 80, "model": "admin.logentry", "fields": {"action_flag": 2, "action_time": "2015-11-15T13:10:38Z", "object_repr": "[par-L4-SA] Takasago Paris Labo 4 Stock ambiant", "object_id": "4", "change_message": "Modifi\u00e9 entrepot.", "user": 1, "content_type": 11}}, {"pk": 79, "model": "admin.logentry", "fields": {"action_flag": 2, "action_time": "2015-11-15T13:10:29Z", "object_repr": "[par-L4-S] Takasago Paris Labo 4 Stock", "object_id": "3", "change_message": "Modifi\u00e9 entrepot.", "user": 1, "content_type": 11}}, {"pk": 78, "model": "admin.logentry", "fields": {"action_flag": 1, "action_time": "2015-11-15T13:09:43Z", "object_repr": "[par-L3-SF] Takasago Paris Labo 3eme \u00c9tage Stockage froid", "object_id": "6", "change_message": "", "user": 1, "content_type": 11}}, {"pk": 77, "model": "admin.logentry", "fields": {"action_flag": 1, "action_time": "2015-11-15T13:09:26Z", "object_repr": "[par-L3-SC] Takasago Paris Labo 3eme \u00c9tage Stockage chaud", "object_id": "5", "change_message": "", "user": 1, "content_type": 11}}, {"pk": 76, "model": "admin.logentry", "fields": {"action_flag": 1, "action_time": "2015-11-15T13:09:17Z", "object_repr": "[par-L3-SA] Takasago Paris Labo 3eme \u00c9tage Stock ambiant", "object_id": "4", "change_message": "", "user": 1, "content_type": 11}}, {"pk": 75, "model": "admin.logentry", "fields": {"action_flag": 1, "action_time": "2015-11-15T13:09:08Z", "object_repr": "[par-L3-S] Takasago Paris Labo 3eme \u00c9tage Stock", "object_id": "3", "change_message": "", "user": 1, "content_type": 11}}, {"pk": 74, "model": "admin.logentry", "fields": {"action_flag": 1, "action_time": "2015-11-15T13:08:51Z", "object_repr": "[par-L3-A2] Takasago Paris Labo 3eme \u00c9tage Armoire 2", "object_id": "2", "change_message": "", "user": 1, "content_type": 11}}, {"pk": 73, "model": "admin.logentry", "fields": {"action_flag": 1, "action_time": "2015-11-15T13:08:40Z", "object_repr": "[par-L3-A1] Takasago Paris Labo 3eme \u00c9tage Armoire 1", "object_id": "1", "change_message": "", "user": 1, "content_type": 11}}, {"pk": 72, "model": "admin.logentry", "fields": {"action_flag": 1, "action_time": "2015-11-15T13:07:44Z", "object_repr": "Labo 5", "object_id": "5", "change_message": "", "user": 1, "content_type": 9}}, {"pk": 71, "model": "admin.logentry", "fields": {"action_flag": 1, "action_time": "2015-11-15T13:07:27Z", "object_repr": "Labo 4", "object_id": "4", "change_message": "", "user": 1, "content_type": 9}}, {"pk": 70, "model": "admin.logentry", "fields": {"action_flag": 1, "action_time": "2015-11-15T13:07:15Z", "object_repr": "Labo 3eme \u00c9tage", "object_id": "3", "change_message": "", "user": 1, "content_type": 9}}, {"pk": 69, "model": "admin.logentry", "fields": {"action_flag": 1, "action_time": "2015-11-15T13:05:43Z", "object_repr": "Poste 9", "object_id": "23", "change_message": "", "user": 1, "content_type": 10}}, {"pk": 68, "model": "admin.logentry", "fields": {"action_flag": 1, "action_time": "2015-11-15T13:05:28Z", "object_repr": "Poste 8", "object_id": "22", "change_message": "", "user": 1, "content_type": 10}}, {"pk": 67, "model": "admin.logentry", "fields": {"action_flag": 1, "action_time": "2015-11-15T13:04:45Z", "object_repr": "Poste 7", "object_id": "21", "change_message": "", "user": 1, "content_type": 10}}, {"pk": 66, "model": "admin.logentry", "fields": {"action_flag": 1, "action_time": "2015-11-15T13:04:23Z", "object_repr": "Poste 6", "object_id": "20", "change_message": "", "user": 1, "content_type": 10}}, {"pk": 65, "model": "admin.logentry", "fields": {"action_flag": 1, "action_time": "2015-11-15T13:03:43Z", "object_repr": "Poste 5", "object_id": "19", "change_message": "", "user": 1, "content_type": 10}}, {"pk": 64, "model": "admin.logentry", "fields": {"action_flag": 1, "action_time": "2015-11-15T13:03:27Z", "object_repr": "Poste 4", "object_id": "18", "change_message": "", "user": 1, "content_type": 10}}, {"pk": 63, "model": "admin.logentry", "fields": {"action_flag": 1, "action_time": "2015-11-15T13:02:58Z", "object_repr": "Poste 3", "object_id": "17", "change_message": "", "user": 1, "content_type": 10}}, {"pk": 62, "model": "admin.logentry", "fields": {"action_flag": 1, "action_time": "2015-11-15T13:02:39Z", "object_repr": "Poste 2", "object_id": "16", "change_message": "", "user": 1, "content_type": 10}}, {"pk": 61, "model": "admin.logentry", "fields": {"action_flag": 1, "action_time": "2015-11-15T13:02:27Z", "object_repr": "Poste 1", "object_id": "15", "change_message": "", "user": 1, "content_type": 10}}, {"pk": 60, "model": "admin.logentry", "fields": {"action_flag": 1, "action_time": "2015-11-15T13:01:12Z", "object_repr": "SL Paillasse", "object_id": "14", "change_message": "", "user": 1, "content_type": 10}}, {"pk": 59, "model": "admin.logentry", "fields": {"action_flag": 1, "action_time": "2015-11-15T13:00:52Z", "object_repr": "SL Filiales", "object_id": "13", "change_message": "", "user": 1, "content_type": 10}}, {"pk": 58, "model": "admin.logentry", "fields": {"action_flag": 1, "action_time": "2015-11-15T13:00:38Z", "object_repr": "SL Etag\u00e8res", "object_id": "12", "change_message": "", "user": 1, "content_type": 10}}, {"pk": 57, "model": "admin.logentry", "fields": {"action_flag": 1, "action_time": "2015-11-15T12:59:36Z", "object_repr": "Stockage froid", "object_id": "11", "change_message": "", "user": 1, "content_type": 10}}, {"pk": 56, "model": "admin.logentry", "fields": {"action_flag": 1, "action_time": "2015-11-15T12:59:25Z", "object_repr": "Stockage chaud", "object_id": "10", "change_message": "", "user": 1, "content_type": 10}}, {"pk": 55, "model": "admin.logentry", "fields": {"action_flag": 1, "action_time": "2015-11-15T12:59:10Z", "object_repr": "Stock ambiant", "object_id": "9", "change_message": "", "user": 1, "content_type": 10}}, {"pk": 54, "model": "admin.logentry", "fields": {"action_flag": 1, "action_time": "2015-11-15T12:58:56Z", "object_repr": "Stock", "object_id": "8", "change_message": "", "user": 1, "content_type": 10}}, {"pk": 53, "model": "admin.logentry", "fields": {"action_flag": 1, "action_time": "2015-11-15T12:58:39Z", "object_repr": "Labo Sec", "object_id": "7", "change_message": "", "user": 1, "content_type": 10}}, {"pk": 52, "model": "admin.logentry", "fields": {"action_flag": 1, "action_time": "2015-11-15T12:57:52Z", "object_repr": "AL Paillasse", "object_id": "6", "change_message": "", "user": 1, "content_type": 10}}, {"pk": 51, "model": "admin.logentry", "fields": {"action_flag": 1, "action_time": "2015-11-15T12:57:33Z", "object_repr": "AL Etag\u00e8re", "object_id": "5", "change_message": "", "user": 1, "content_type": 10}}, {"pk": 50, "model": "admin.logentry", "fields": {"action_flag": 1, "action_time": "2015-11-15T12:57:18Z", "object_repr": "Armoire 2", "object_id": "4", "change_message": "", "user": 1, "content_type": 10}}, {"pk": 49, "model": "admin.logentry", "fields": {"action_flag": 1, "action_time": "2015-11-15T12:57:03Z", "object_repr": "Armoire 1", "object_id": "3", "change_message": "", "user": 1, "content_type": 10}}, {"pk": 48, "model": "admin.logentry", "fields": {"action_flag": 2, "action_time": "2015-11-15T12:54:58Z", "object_repr": "eu.takasago.com", "object_id": "1", "change_message": "Modifi\u00e9 domain et name.", "user": 1, "content_type": 6}}, {"pk": 47, "model": "admin.logentry", "fields": {"action_flag": 2, "action_time": "2015-11-15T12:52:25Z", "object_repr": "Verre 30g - 25.00g", "object_id": "13", "change_message": "Modifi\u00e9 capacite et tare.", "user": 1, "content_type": 23}}, {"pk": 46, "model": "admin.logentry", "fields": {"action_flag": 2, "action_time": "2015-11-15T12:52:15Z", "object_repr": "Verre 60g - 50.00g", "object_id": "14", "change_message": "Aucun champ modifi\u00e9.", "user": 1, "content_type": 23}}, {"pk": 45, "model": "admin.logentry", "fields": {"action_flag": 1, "action_time": "2015-11-15T12:52:08Z", "object_repr": "Verre 250g - 200.00g", "object_id": "16", "change_message": "", "user": 1, "content_type": 23}}, {"pk": 44, "model": "admin.logentry", "fields": {"action_flag": 1, "action_time": "2015-11-15T12:51:26Z", "object_repr": "Verre 125g - 100.00g", "object_id": "15", "change_message": "", "user": 1, "content_type": 23}}, {"pk": 43, "model": "admin.logentry", "fields": {"action_flag": 1, "action_time": "2015-11-15T12:50:39Z", "object_repr": "Verre 60g - 50.00g", "object_id": "14", "change_message": "", "user": 1, "content_type": 23}}, {"pk": 42, "model": "admin.logentry", "fields": {"action_flag": 1, "action_time": "2015-11-15T12:50:06Z", "object_repr": "Verre 30g - 30.00g", "object_id": "13", "change_message": "", "user": 1, "content_type": 23}}, {"pk": 41, "model": "admin.logentry", "fields": {"action_flag": 1, "action_time": "2015-11-15T12:49:22Z", "object_repr": "Verre 10g - 10.00g", "object_id": "12", "change_message": "", "user": 1, "content_type": 23}}, {"pk": 40, "model": "admin.logentry", "fields": {"action_flag": 1, "action_time": "2015-11-15T12:48:49Z", "object_repr": "Verre 5g - 5.00g", "object_id": "11", "change_message": "", "user": 1, "content_type": 23}}, {"pk": 39, "model": "admin.logentry", "fields": {"action_flag": 1, "action_time": "2015-11-15T12:46:52Z", "object_repr": "Alus 12.500L - 10000.00g", "object_id": "10", "change_message": "", "user": 1, "content_type": 23}}, {"pk": 38, "model": "admin.logentry", "fields": {"action_flag": 1, "action_time": "2015-11-15T12:46:18Z", "object_repr": "Alus 6.250L - 5000.00g", "object_id": "9", "change_message": "", "user": 1, "content_type": 23}}, {"pk": 37, "model": "admin.logentry", "fields": {"action_flag": 1, "action_time": "2015-11-15T12:45:19Z", "object_repr": "Alus 2.500L - 2000.00g", "object_id": "8", "change_message": "", "user": 1, "content_type": 23}}, {"pk": 36, "model": "admin.logentry", "fields": {"action_flag": 1, "action_time": "2015-11-15T12:44:29Z", "object_repr": "Alus 1.250L - 1000.00g", "object_id": "7", "change_message": "", "user": 1, "content_type": 23}}, {"pk": 35, "model": "admin.logentry", "fields": {"action_flag": 1, "action_time": "2015-11-15T12:43:59Z", "object_repr": "Alus 0.625L - 500.00g", "object_id": "6", "change_message": "", "user": 1, "content_type": 23}}, {"pk": 34, "model": "admin.logentry", "fields": {"action_flag": 1, "action_time": "2015-11-15T12:43:32Z", "object_repr": "Alus 0.315L - 250.00g", "object_id": "5", "change_message": "", "user": 1, "content_type": 23}}, {"pk": 33, "model": "admin.logentry", "fields": {"action_flag": 1, "action_time": "2015-11-15T12:43:00Z", "object_repr": "Alus 0.125L - 100.00g", "object_id": "4", "change_message": "", "user": 1, "content_type": 23}}, {"pk": 32, "model": "admin.logentry", "fields": {"action_flag": 1, "action_time": "2015-11-15T12:42:22Z", "object_repr": "Alus 0.063L - 50.00g", "object_id": "3", "change_message": "", "user": 1, "content_type": 23}}, {"pk": 31, "model": "admin.logentry", "fields": {"action_flag": 1, "action_time": "2015-11-15T12:41:20Z", "object_repr": "Alus 0.038L - 30.00g", "object_id": "2", "change_message": "", "user": 1, "content_type": 23}}, {"pk": 30, "model": "admin.logentry", "fields": {"action_flag": 1, "action_time": "2015-11-15T12:30:22Z", "object_repr": "[P] Pound : 0.00268", "object_id": "6", "change_message": "", "user": 1, "content_type": 21}}, {"pk": 29, "model": "admin.logentry", "fields": {"action_flag": 1, "action_time": "2015-11-15T12:29:56Z", "object_repr": "[T] Tone : 1000000.0", "object_id": "5", "change_message": "", "user": 1, "content_type": 21}}, {"pk": 28, "model": "admin.logentry", "fields": {"action_flag": 1, "action_time": "2015-11-15T12:29:27Z", "object_repr": "[kg] Kilo-gramme : 0.001", "object_id": "4", "change_message": "", "user": 1, "content_type": 21}}, {"pk": 27, "model": "admin.logentry", "fields": {"action_flag": 1, "action_time": "2015-11-15T12:29:06Z", "object_repr": "[ug] Micro-gramme : 1000000.0", "object_id": "3", "change_message": "", "user": 1, "content_type": 21}}, {"pk": 26, "model": "admin.logentry", "fields": {"action_flag": 1, "action_time": "2015-11-15T12:28:28Z", "object_repr": "[mg] Mili-gramme : 1000.0", "object_id": "2", "change_message": "", "user": 1, "content_type": 21}}, {"pk": 25, "model": "admin.logentry", "fields": {"action_flag": 1, "action_time": "2015-11-15T12:25:11Z", "object_repr": "Takasago Paris", "object_id": "4", "change_message": "", "user": 1, "content_type": 8}}, {"pk": 24, "model": "admin.logentry", "fields": {"action_flag": 1, "action_time": "2015-11-15T12:25:00Z", "object_repr": "Takasago STO", "object_id": "3", "change_message": "", "user": 1, "content_type": 8}}, {"pk": 23, "model": "admin.logentry", "fields": {"action_flag": 2, "action_time": "2015-11-15T12:24:27Z", "object_repr": "Site de test", "object_id": "2", "change_message": "Modifi\u00e9 code et description.", "user": 1, "content_type": 8}}, {"pk": 22, "model": "admin.logentry", "fields": {"action_flag": 2, "action_time": "2015-11-15T12:24:05Z", "object_repr": "Site inconnu", "object_id": "1", "change_message": "Modifi\u00e9 code et description.", "user": 1, "content_type": 8}}, {"pk": 21, "model": "admin.logentry", "fields": {"action_flag": 1, "action_time": "2015-11-15T12:23:19Z", "object_repr": "Magasin de test", "object_id": "2", "change_message": "", "user": 1, "content_type": 10}}, {"pk": 20, "model": "admin.logentry", "fields": {"action_flag": 2, "action_time": "2015-11-15T12:23:02Z", "object_repr": "Magasin inconnu", "object_id": "1", "change_message": "Modifi\u00e9 code et description.", "user": 1, "content_type": 10}}, {"pk": 19, "model": "admin.logentry", "fields": {"action_flag": 1, "action_time": "2015-11-15T12:21:51Z", "object_repr": "Entrepot de test", "object_id": "2", "change_message": "", "user": 1, "content_type": 9}}, {"pk": 18, "model": "admin.logentry", "fields": {"action_flag": 2, "action_time": "2015-11-15T12:21:40Z", "object_repr": "Entrepot inconnu", "object_id": "1", "change_message": "Modifi\u00e9 code et description.", "user": 1, "content_type": 9}}, {"pk": 17, "model": "admin.logentry", "fields": {"action_flag": 1, "action_time": "2015-11-15T12:20:12Z", "object_repr": "Type inconnu - 0.00g", "object_id": "1", "change_message": "", "user": 1, "content_type": 23}}, {"pk": 16, "model": "admin.logentry", "fields": {"action_flag": 2, "action_time": "2015-11-15T12:17:37Z", "object_repr": "gontero", "object_id": "1", "change_message": "Modifi\u00e9 etiquette_login et etiquette_emplacement.", "user": 1, "content_type": 22}}, {"pk": 15, "model": "admin.logentry", "fields": {"action_flag": 1, "action_time": "2015-11-15T12:17:33Z", "object_repr": "Etiquette Emplacement 50x30 - ZPL", "object_id": "5", "change_message": "", "user": 1, "content_type": 18}}, {"pk": 14, "model": "admin.logentry", "fields": {"action_flag": 1, "action_time": "2015-11-15T12:17:12Z", "object_repr": "Etiquette Login 50x30 - ZPL", "object_id": "4", "change_message": "", "user": 1, "content_type": 18}}, {"pk": 13, "model": "admin.logentry", "fields": {"action_flag": 2, "action_time": "2015-11-15T12:12:22Z", "object_repr": "operateur", "object_id": "1", "change_message": "Modifi\u00e9 permissions.", "user": 1, "content_type": 2}}, {"pk": 12, "model": "admin.logentry", "fields": {"action_flag": 1, "action_time": "2015-11-15T12:11:42Z", "object_repr": "operateur", "object_id": "1", "change_message": "", "user": 1, "content_type": 2}}, {"pk": 11, "model": "admin.logentry", "fields": {"action_flag": 2, "action_time": "2015-11-15T12:10:27Z", "object_repr": "gontero", "object_id": "1", "change_message": "Modifi\u00e9 password, first_name et last_name.", "user": 1, "content_type": 3}}, {"pk": 10, "model": "admin.logentry", "fields": {"action_flag": 1, "action_time": "2015-11-15T12:08:39Z", "object_repr": "gontero", "object_id": "1", "change_message": "", "user": 1, "content_type": 22}}, {"pk": 9, "model": "admin.logentry", "fields": {"action_flag": 1, "action_time": "2015-11-15T12:08:23Z", "object_repr": "Etiquette Article 50x30 - ZPL", "object_id": "3", "change_message": "", "user": 1, "content_type": 18}}, {"pk": 8, "model": "admin.logentry", "fields": {"action_flag": 1, "action_time": "2015-11-15T12:07:51Z", "object_repr": "Etiquette Lot 50x30 - ZPL", "object_id": "2", "change_message": "", "user": 1, "content_type": 18}}, {"pk": 7, "model": "admin.logentry", "fields": {"action_flag": 1, "action_time": "2015-11-15T12:07:34Z", "object_repr": "Imprimente de test - socket://172.25.5.141:9100", "object_id": "1", "change_message": "", "user": 1, "content_type": 19}}, {"pk": 6, "model": "admin.logentry", "fields": {"action_flag": 1, "action_time": "2015-11-15T12:06:51Z", "object_repr": "Etiquette Contenant 50x30 - ZPL", "object_id": "1", "change_message": "", "user": 1, "content_type": 18}}, {"pk": 5, "model": "admin.logentry", "fields": {"action_flag": 1, "action_time": "2015-11-15T11:59:11Z", "object_repr": "Magasin de test", "object_id": "1", "change_message": "", "user": 1, "content_type": 10}}, {"pk": 4, "model": "admin.logentry", "fields": {"action_flag": 1, "action_time": "2015-11-15T11:58:51Z", "object_repr": "Entrepot de test", "object_id": "1", "change_message": "", "user": 1, "content_type": 9}}, {"pk": 3, "model": "admin.logentry", "fields": {"action_flag": 1, "action_time": "2015-11-15T11:58:04Z", "object_repr": "Takasago Paris", "object_id": "2", "change_message": "", "user": 1, "content_type": 8}}, {"pk": 2, "model": "admin.logentry", "fields": {"action_flag": 1, "action_time": "2015-11-15T11:57:51Z", "object_repr": "Takasato Saint Ouen l'Aumone", "object_id": "1", "change_message": "", "user": 1, "content_type": 8}}, {"pk": 1, "model": "admin.logentry", "fields": {"action_flag": 1, "action_time": "2015-11-15T11:57:24Z", "object_repr": "[g] Gramme : 1.0", "object_id": "1", "change_message": "", "user": 1, "content_type": 21}}, {"pk": 1, "model": "stock_labo.userpreference", "fields": {"etiquette_contenant_imprimante": 1, "emplacement_perso": "", "etiquette_emplacement": 5, "etiquette_login_imprimante": 1, "initial": "CG", "etiquette_emplacement_imprimante": 1, "etiquette_lot_imprimante": 1, "etiquette_nomenclature_imprimante": 1, "unit_masse": 1, "entrepot_perso": 1, "etiquette_contenant": 1, "user": 1, "magasin_perso": 1, "etiquette_login": 4, "etiquette_nomenclature": 3, "etiquette_lot": 2, "site_perso": 1}}]